-- USERS --

insert into Users (id, createdAt, email, pwHash, username, first_name, last_name, bio, reputation, blockReason, profilePicture, bannerPicture, isAdmin) values (1, '4/8/2022', 'rduddin0@sun.com', '17f368f57d84b62d303c167b3905b5630c8a9c3c8baa25dc8425c6ccfe5a1085', 'rduddin0', 'Radcliffe', 'Duddin', 'pede libero quis orci nullam molestie nibh in lectus pellentesque at nulla suspendisse potenti cras in purus eu', '8', null, 'http://dummyimage.com/136x100.png/dddddd/000000', 'http://dummyimage.com/149x100.png/dddddd/000000', true);
insert into Users (id, createdAt, email, pwHash, username, first_name, last_name, bio, reputation, blockReason, profilePicture, bannerPicture, isAdmin) values (2, '3/5/2022', 'dhurd1@163.com', 'e95e20ab9fed2ef8ba3de3b6e52cb266669125c771770f06aab2f84f9684898a', 'dhurd1', 'Davis', 'Hurd', 'tortor risus dapibus augue vel accumsan tellus nisi eu orci mauris lacinia sapien quis libero nullam sit amet', '5593', null, 'http://dummyimage.com/245x100.png/cc0000/ffffff', 'http://dummyimage.com/221x100.png/ff4444/ffffff', true);
insert into Users (id, createdAt, email, pwHash, username, first_name, last_name, bio, reputation, blockReason, profilePicture, bannerPicture, isAdmin) values (3, '9/18/2022', 'rgerrietz2@issuu.com', '0e4c56aa71096961a1f6529f5c7ccb065dfbe16728ddbc606fc7a5a634f8a9f4', 'rgerrietz2', 'Rhody', 'Gerrietz', 'quam sollicitudin vitae consectetuer eget rutrum at lorem integer tincidunt ante vel ipsum praesent blandit lacinia erat vestibulum', '32294', null, 'http://dummyimage.com/111x100.png/5fa2dd/ffffff', 'http://dummyimage.com/141x100.png/ff4444/ffffff', true);
insert into Users (id, createdAt, email, pwHash, username, first_name, last_name, bio, reputation, blockReason, profilePicture, bannerPicture, isAdmin) values (4, '2/24/2022', 'midenden3@live.com', 'fe436ce73bc22e20f199d13c7d6d6465d9f272392c92aae5651eedd66e20a99e', 'midenden3', 'Marrilee', 'Idenden', 'quis turpis sed ante vivamus tortor duis mattis egestas metus aenean fermentum donec ut mauris eget massa tempor convallis nulla', '6', null, 'http://dummyimage.com/246x100.png/5fa2dd/ffffff', 'http://dummyimage.com/226x100.png/5fa2dd/ffffff', true);
insert into Users (id, createdAt, email, pwHash, username, first_name, last_name, bio, reputation, blockReason, profilePicture, bannerPicture, isAdmin) values (5, '4/15/2022', 'dsor4@pen.io', 'f60e5a1d98627fd7c5242564bb359a46b5c0c09090739ba60a44da8606e454a8', 'dsor4', 'Dominik', 'Sor', 'sit amet nunc viverra dapibus nulla suscipit ligula in lacus curabitur at ipsum ac tellus semper interdum', '79', null, 'http://dummyimage.com/157x100.png/5fa2dd/ffffff', 'http://dummyimage.com/197x100.png/dddddd/000000', false);
insert into Users (id, createdAt, email, pwHash, username, first_name, last_name, bio, reputation, blockReason, profilePicture, bannerPicture, isAdmin) values (6, '12/11/2021', 'nbrombell5@miibeian.gov.cn', 'd52913edafb45d7973b1895f28170770e028a1a7f2675020c7238f2e55f3d13a', 'nbrombell5', 'Nikoletta', 'Brombell', 'fermentum justo nec condimentum neque sapien placerat ante nulla justo aliquam quis turpis eget elit sodales scelerisque mauris sit', '0', null, 'http://dummyimage.com/199x100.png/cc0000/ffffff', 'http://dummyimage.com/180x100.png/ff4444/ffffff', true);
insert into Users (id, createdAt, email, pwHash, username, first_name, last_name, bio, reputation, blockReason, profilePicture, bannerPicture, isAdmin) values (7, '7/2/2022', 'rcarnow6@paypal.com', '99c2c3387bc522f36bc64a25abecb814244b4da9cfbea6953e038490f09d3f61', 'rcarnow6', 'Rodrick', 'Carnow', 'tellus semper interdum mauris ullamcorper purus sit amet nulla quisque arcu libero', '5072', null, 'http://dummyimage.com/135x100.png/cc0000/ffffff', 'http://dummyimage.com/188x100.png/dddddd/000000', true);
insert into Users (id, createdAt, email, pwHash, username, first_name, last_name, bio, reputation, blockReason, profilePicture, bannerPicture, isAdmin) values (8, '9/25/2022', 'jstockwell7@netscape.com', '0571e168086f2ff6b379001db8bc91f84373ca521728c0a1e8373825a42203c7', 'ddavenhall7', null, null, 'augue luctus tincidunt nulla mollis molestie lorem quisque ut erat curabitur', '17', null, 'http://dummyimage.com/120x100.png/cc0000/ffffff', 'http://dummyimage.com/132x100.png/cc0000/ffffff', false);
insert into Users (id, createdAt, email, pwHash, username, first_name, last_name, bio, reputation, blockReason, profilePicture, bannerPicture, isAdmin) values (9, '3/10/2022', 'pdugall8@ow.ly', 'bed727daca4008e30abe8b3ed8c976e4c525ac654978068fb9885175f4292fbe', 'pdugall8', 'Percy', 'Dugall', 'sociis natoque penatibus et magnis dis parturient montes nascetur ridiculus', '9', null, 'http://dummyimage.com/103x100.png/dddddd/000000', 'http://dummyimage.com/174x100.png/ff4444/ffffff', true);
insert into Users (id, createdAt, email, pwHash, username, first_name, last_name, bio, reputation, blockReason, profilePicture, bannerPicture, isAdmin) values (10, '11/2/2021', 'setheredge9@lulu.com', 'abf451ac298e4009466a4d3cd798cda73637242eb30dbc03e0bd998236fa5a3a', 'coland9', null, null, 'eget semper rutrum nulla nunc purus phasellus in felis donec semper sapien a libero nam dui proin leo', '36', null, 'http://dummyimage.com/100x100.png/cc0000/ffffff', 'http://dummyimage.com/195x100.png/dddddd/000000', false);
insert into Users (id, createdAt, email, pwHash, username, first_name, last_name, bio, reputation, blockReason, profilePicture, bannerPicture, isAdmin) values (11, '9/20/2022', 'mduggona@friendfeed.com', 'a258517c0898cb37bede6dec5b29214840a362eb95905e210b7bbe3783d1befa', 'hpennocka', null, null, 'porttitor lacus at turpis donec posuere metus vitae ipsum aliquam non mauris morbi non lectus', '863', null, 'http://dummyimage.com/157x100.png/5fa2dd/ffffff', 'http://dummyimage.com/245x100.png/dddddd/000000', true);
insert into Users (id, createdAt, email, pwHash, username, first_name, last_name, bio, reputation, blockReason, profilePicture, bannerPicture, isAdmin) values (12, '4/27/2022', 'omoncreiffb@cmu.edu', 'e8930df0f339e262a3e2e7795edb886ddc608f7a5b37a5312aec2af9fed9b6d2', 'omoncreiffb', 'Orrin', 'Moncreiff', null, '8', null, 'http://dummyimage.com/124x100.png/dddddd/000000', 'http://dummyimage.com/211x100.png/ff4444/ffffff', true);
insert into Users (id, createdAt, email, pwHash, username, first_name, last_name, bio, reputation, blockReason, profilePicture, bannerPicture, isAdmin) values (13, '10/6/2022', 'jcoolbearc@yolasite.com', '76313908d338d15baaec838f577060975e77643e5cbc0d963608f16e1b00ba30', 'jcoolbearc', 'Jo ann', 'Coolbear', 'adipiscing elit proin risus praesent lectus vestibulum quam sapien varius ut blandit non interdum in', '12', null, 'http://dummyimage.com/106x100.png/cc0000/ffffff', 'http://dummyimage.com/171x100.png/ff4444/ffffff', true);
insert into Users (id, createdAt, email, pwHash, username, first_name, last_name, bio, reputation, blockReason, profilePicture, bannerPicture, isAdmin) values (14, '1/21/2022', 'aprescottd@craigslist.org', '1c9509882c1bae51dbc4b96308b6cfcd0f8537eb1aa34a738f4f17bcc8a81317', 'aprescottd', 'Aurea', 'Prescott', null, '00', null, 'http://dummyimage.com/243x100.png/ff4444/ffffff', 'http://dummyimage.com/116x100.png/5fa2dd/ffffff', false);
insert into Users (id, createdAt, email, pwHash, username, first_name, last_name, bio, reputation, blockReason, profilePicture, bannerPicture, isAdmin) values (15, '8/4/2022', 'czellmere@google.it', '9bcc707f2948994407dd23cf8f400a19303f199446c441b274564a4a8f457056', 'czellmere', 'Curtice', 'Zellmer', 'posuere felis sed lacus morbi sem mauris laoreet ut rhoncus aliquet pulvinar sed nisl', '336', null, 'http://dummyimage.com/180x100.png/dddddd/000000', 'http://dummyimage.com/209x100.png/cc0000/ffffff', true);
insert into Users (id, createdAt, email, pwHash, username, first_name, last_name, bio, reputation, blockReason, profilePicture, bannerPicture, isAdmin) values (16, '7/20/2022', 'jcarlesif@wix.com', '8c6e82181293bf5082dd5a401375f42f40e57e025355c0b82276ea5c738e6425', 'jcarlesif', 'Judie', 'Carlesi', null, '2', null, 'http://dummyimage.com/167x100.png/ff4444/ffffff', 'http://dummyimage.com/128x100.png/dddddd/000000', true);
insert into Users (id, createdAt, email, pwHash, username, first_name, last_name, bio, reputation, blockReason, profilePicture, bannerPicture, isAdmin) values (17, '4/30/2022', 'gramelg@ucsd.edu', '5386f84322dbc11895b0c65295501a2d50aca03f5138c6b169ffebb2263b65c0', 'gramelg', 'Glen', 'Ramel', 'habitasse platea dictumst aliquam augue quam sollicitudin vitae consectetuer eget rutrum at', '84', null, 'http://dummyimage.com/187x100.png/cc0000/ffffff', 'http://dummyimage.com/239x100.png/dddddd/000000', true);
insert into Users (id, createdAt, email, pwHash, username, first_name, last_name, bio, reputation, blockReason, profilePicture, bannerPicture, isAdmin) values (18, '12/1/2021', 'bbierh@cbslocal.com', '47f33a91511239956088fbb9b8b6a4c70426dd2431f55fc052d8cbfe664104e0', 'bbierh', 'Bidget', 'Bier', null, '362', null, 'http://dummyimage.com/226x100.png/ff4444/ffffff', 'http://dummyimage.com/234x100.png/5fa2dd/ffffff', false);
insert into Users (id, createdAt, email, pwHash, username, first_name, last_name, bio, reputation, blockReason, profilePicture, bannerPicture, isAdmin) values (19, '3/5/2022', 'clillowi@constantcontact.com', '3750b7f094605145a8cc2121c57de8d0cfaeb6700e6591c31dc6b96ae467fe02', 'clillowi', 'Cazzie', 'Lillow', 'tincidunt eget tempus vel pede morbi porttitor lorem id ligula suspendisse ornare consequat lectus in', '68', null, 'http://dummyimage.com/210x100.png/cc0000/ffffff', 'http://dummyimage.com/149x100.png/ff4444/ffffff', false);
insert into Users (id, createdAt, email, pwHash, username, first_name, last_name, bio, reputation, blockReason, profilePicture, bannerPicture, isAdmin) values (20, '6/8/2022', 'msolleyj@sbwire.com', 'b2765201a68ed12db6390d1236d742f8ea4b815de3e63f5c01d669ab33f7160e', 'msolleyj', 'Madelon', 'Solley', null, '7', null, 'http://dummyimage.com/142x100.png/dddddd/000000', 'http://dummyimage.com/134x100.png/5fa2dd/ffffff', true);
insert into Users (id, createdAt, email, pwHash, username, first_name, last_name, bio, reputation, blockReason, profilePicture, bannerPicture, isAdmin) values (21, '8/26/2022', 'jmingerk@narod.ru', '3cead27569b06a257fd78fcbecaec45eba4c1334d3f10bf470079c9f0f49c5aa', 'lpennringtonk', null, null, 'hac habitasse platea dictumst etiam faucibus cursus urna ut tellus nulla ut erat', '558', null, 'http://dummyimage.com/173x100.png/cc0000/ffffff', 'http://dummyimage.com/248x100.png/ff4444/ffffff', false);
insert into Users (id, createdAt, email, pwHash, username, first_name, last_name, bio, reputation, blockReason, profilePicture, bannerPicture, isAdmin) values (22, '6/2/2022', 'solubyl@sourceforge.net', '47e4f1549ae2b8f4b0f0126dd504a3d6808256e25a7fc942f2a47a30ae4b13b5', 'solubyl', 'Sayers', 'O''Luby', 'nibh in quis justo maecenas rhoncus aliquam lacus morbi quis tortor id nulla ultrices aliquet maecenas leo odio condimentum id', '800', null, 'http://dummyimage.com/247x100.png/ff4444/ffffff', 'http://dummyimage.com/137x100.png/5fa2dd/ffffff', false);
insert into Users (id, createdAt, email, pwHash, username, first_name, last_name, bio, reputation, blockReason, profilePicture, bannerPicture, isAdmin) values (23, '10/14/2022', 'jgarrm@ovh.net', '5b0c1595af2a4e518ca03c1d0664fdef9e843fe43d907a72133f708dc98d7957', 'jgarrm', 'Jolee', 'Garr', null, '58', null, 'http://dummyimage.com/167x100.png/cc0000/ffffff', 'http://dummyimage.com/226x100.png/ff4444/ffffff', false);
insert into Users (id, createdAt, email, pwHash, username, first_name, last_name, bio, reputation, blockReason, profilePicture, bannerPicture, isAdmin) values (24, '11/18/2021', 'rdecourtneyn@indiatimes.com', '1aaba176cd73d49466cc9bf09cf28f1a0e09050a273f05bf2868ac2d7e078321', 'rdecourtneyn', 'Rey', 'De Courtney', 'orci luctus et ultrices posuere cubilia curae nulla dapibus dolor vel est donec odio justo sollicitudin ut suscipit a', '9835', null, 'http://dummyimage.com/221x100.png/dddddd/000000', 'http://dummyimage.com/239x100.png/ff4444/ffffff', false);
insert into Users (id, createdAt, email, pwHash, username, first_name, last_name, bio, reputation, blockReason, profilePicture, bannerPicture, isAdmin) values (25, '1/17/2022', 'sbambo@berkeley.edu', '7f1e3f145bd76d5829af3e79eca6e5f7ceedcd4d3fcaa981a3279182a7520874', 'sbambo', 'Storm', 'Bamb', 'libero convallis eget eleifend luctus ultricies eu nibh quisque id justo sit amet sapien dignissim', '59443', null, 'http://dummyimage.com/172x100.png/dddddd/000000', 'http://dummyimage.com/188x100.png/cc0000/ffffff', true);
insert into Users (id, createdAt, email, pwHash, username, first_name, last_name, bio, reputation, blockReason, profilePicture, bannerPicture, isAdmin) values (26, '2/25/2022', 'tcompstonp@pen.io', '6e9c6aa148d8b6d971a5f034a1a18a324991798c8804021b24f9eca063df52e8', 'tcompstonp', 'Tonya', 'Compston', 'parturient montes nascetur ridiculus mus vivamus vestibulum sagittis sapien cum sociis natoque penatibus et', '61', null, 'http://dummyimage.com/131x100.png/5fa2dd/ffffff', 'http://dummyimage.com/110x100.png/ff4444/ffffff', true);
insert into Users (id, createdAt, email, pwHash, username, first_name, last_name, bio, reputation, blockReason, profilePicture, bannerPicture, isAdmin) values (27, '7/21/2022', 'ngarmstonq@jugem.jp', '4d2a4cac49dffcee19a7e3ced86a217460c5d1c4dee363b4c85082637490909c', 'ngarmstonq', 'Nissy', 'Garmston', 'nonummy integer non velit donec diam neque vestibulum eget vulputate ut ultrices vel augue vestibulum', '6', null, 'http://dummyimage.com/136x100.png/ff4444/ffffff', 'http://dummyimage.com/149x100.png/cc0000/ffffff', true);
insert into Users (id, createdAt, email, pwHash, username, first_name, last_name, bio, reputation, blockReason, profilePicture, bannerPicture, isAdmin) values (28, '12/12/2021', 'rbeazer@php.net', 'ad6f94cc922b08a4af7169cda2eea028891644bed6121f95f0f362558f6e8a6b', 'rbeazer', 'Roderick', 'Beaze', 'nulla tellus in sagittis dui vel nisl duis ac nibh', '462', null, 'http://dummyimage.com/183x100.png/cc0000/ffffff', 'http://dummyimage.com/123x100.png/dddddd/000000', true);
insert into Users (id, createdAt, email, pwHash, username, first_name, last_name, bio, reputation, blockReason, profilePicture, bannerPicture, isAdmin) values (29, '6/16/2022', 'ibaters@sbwire.com', '0fb4d70b0c7636ddd0118a057465a25a53be36421165ee8fca726ecbdeec76b3', 'ibaters', 'Ilka', 'Bater', null, '9', null, 'http://dummyimage.com/241x100.png/dddddd/000000', 'http://dummyimage.com/217x100.png/5fa2dd/ffffff', false);
insert into Users (id, createdAt, email, pwHash, username, first_name, last_name, bio, reputation, blockReason, profilePicture, bannerPicture, isAdmin) values (30, '9/3/2022', 'sbatchleyt@shop-pro.jp', '6819db856be590ec6ca4b287afe509010f906f5bc55967f3ccb509d92c6a5464', 'sbatchleyt', 'Scotty', 'Batchley', null, '517', null, 'http://dummyimage.com/164x100.png/dddddd/000000', 'http://dummyimage.com/143x100.png/ff4444/ffffff', false);
insert into Users (id, createdAt, email, pwHash, username, first_name, last_name, bio, reputation, blockReason, profilePicture, bannerPicture, isAdmin) values (31, '12/4/2021', 'dsaltersu@jigsy.com', '8a8028b007f3aaa634f56b76abac981c8d8b2856b2f8c9ac78a5f9ca3fe64b32', 'dsaltersu', 'Duffie', 'Salters', 'sit amet sem fusce consequat nulla nisl nunc nisl duis bibendum felis sed interdum venenatis turpis enim', '8861', null, 'http://dummyimage.com/166x100.png/cc0000/ffffff', 'http://dummyimage.com/150x100.png/5fa2dd/ffffff', true);
insert into Users (id, createdAt, email, pwHash, username, first_name, last_name, bio, reputation, blockReason, profilePicture, bannerPicture, isAdmin) values (32, '12/12/2021', 'tgougev@jiathis.com', '42a8f31b50051368436f359dd6615c80d030e26c6ba381d03140b5a23554ba4b', 'tgougev', 'Teirtza', 'Gouge', 'tellus nulla ut erat id mauris vulputate elementum nullam varius nulla facilisi cras non velit nec nisi vulputate nonummy', '99010', null, 'http://dummyimage.com/223x100.png/ff4444/ffffff', 'http://dummyimage.com/229x100.png/ff4444/ffffff', true);
insert into Users (id, createdAt, email, pwHash, username, first_name, last_name, bio, reputation, blockReason, profilePicture, bannerPicture, isAdmin) values (33, '8/11/2022', 'ochatbandw@dagondesign.com', '3eeb67ccbfd8ad4ea44034ac291d7cebbd6a23b44e0688baa8d2b28f5d563b82', 'ochatbandw', 'Ola', 'Chatband', 'sed lacus morbi sem mauris laoreet ut rhoncus aliquet pulvinar sed nisl nunc rhoncus', '4118', null, 'http://dummyimage.com/170x100.png/5fa2dd/ffffff', 'http://dummyimage.com/185x100.png/cc0000/ffffff', false);
insert into Users (id, createdAt, email, pwHash, username, first_name, last_name, bio, reputation, blockReason, profilePicture, bannerPicture, isAdmin) values (34, '3/9/2022', 'isibsonx@myspace.com', 'efba15983a4d07023f838f9a8e2a09adbfdaed30c654b217ed18511a20730ce4', 'isibsonx', 'Isabeau', 'Sibson', null, '1', null, 'http://dummyimage.com/110x100.png/dddddd/000000', 'http://dummyimage.com/188x100.png/cc0000/ffffff', true);
insert into Users (id, createdAt, email, pwHash, username, first_name, last_name, bio, reputation, blockReason, profilePicture, bannerPicture, isAdmin) values (35, '2/13/2022', 'tgoaleyy@whitehouse.gov', 'a09631128c8ef692664a52cd4f19ce65b04bb0083202b4165219a3e2157de1ce', 'tgoaleyy', 'Tamma', 'Goaley', 'tincidunt ante vel ipsum praesent blandit lacinia erat vestibulum sed magna at nunc commodo placerat praesent blandit nam nulla integer', '5195', null, 'http://dummyimage.com/174x100.png/dddddd/000000', 'http://dummyimage.com/136x100.png/ff4444/ffffff', false);
insert into Users (id, createdAt, email, pwHash, username, first_name, last_name, bio, reputation, blockReason, profilePicture, bannerPicture, isAdmin) values (36, '9/7/2022', 'ipittendreighz@wix.com', '3047a704abdae8a7b295d6d8352dcc5ba90067989e967690f14a6f712fb025ef', 'ipittendreighz', 'Iago', 'Pittendreigh', 'curae mauris viverra diam vitae quam suspendisse potenti nullam porttitor lacus at turpis donec posuere metus vitae ipsum', '65240', null, 'http://dummyimage.com/182x100.png/dddddd/000000', 'http://dummyimage.com/231x100.png/ff4444/ffffff', true);
insert into Users (id, createdAt, email, pwHash, username, first_name, last_name, bio, reputation, blockReason, profilePicture, bannerPicture, isAdmin) values (37, '6/15/2022', 'mknevett10@baidu.com', 'd632be64a1e3770f3a3737a2dcb091df677da73a0a6ca45225ce65540a515e4f', 'bspalton10', null, null, 'id nulla ultrices aliquet maecenas leo odio condimentum id luctus nec', '260', null, 'http://dummyimage.com/179x100.png/ff4444/ffffff', 'http://dummyimage.com/226x100.png/5fa2dd/ffffff', false);
insert into Users (id, createdAt, email, pwHash, username, first_name, last_name, bio, reputation, blockReason, profilePicture, bannerPicture, isAdmin) values (38, '12/14/2021', 'astripp11@oaic.gov.au', 'c674a2606509ff40cb64cb8cfafe598e8fc7589a774d28234584e0f06cd599cd', 'astripp11', 'Arnold', 'Stripp', 'purus phasellus in felis donec semper sapien a libero nam dui proin leo odio porttitor id consequat in', '89074', null, 'http://dummyimage.com/199x100.png/cc0000/ffffff', 'http://dummyimage.com/194x100.png/5fa2dd/ffffff', true);
insert into Users (id, createdAt, email, pwHash, username, first_name, last_name, bio, reputation, blockReason, profilePicture, bannerPicture, isAdmin) values (39, '12/18/2021', 'semlen12@engadget.com', '5a23ad481f786403b1be2813dd1d63631929e8b0fd3f83dc1c24670a67dfd5de', 'ystithe12', null, null, 'est lacinia nisi venenatis tristique fusce congue diam id ornare imperdiet', '41544', null, 'http://dummyimage.com/123x100.png/cc0000/ffffff', 'http://dummyimage.com/238x100.png/dddddd/000000', true);
insert into Users (id, createdAt, email, pwHash, username, first_name, last_name, bio, reputation, blockReason, profilePicture, bannerPicture, isAdmin) values (40, '4/29/2022', 'ahardes13@google.com.au', 'e76d9c174f79cf38d3a70087349a4f45ff4fccb21a2dc3304c6209cb37e79040', 'ahardes13', 'April', 'Hardes', 'lectus in quam fringilla rhoncus mauris enim leo rhoncus sed vestibulum sit amet cursus id turpis integer aliquet massa', '8035', null, 'http://dummyimage.com/239x100.png/ff4444/ffffff', 'http://dummyimage.com/189x100.png/dddddd/000000', false);
insert into Users (id, createdAt, email, pwHash, username, first_name, last_name, bio, reputation, blockReason, profilePicture, bannerPicture, isAdmin) values (41, '7/24/2022', 'nallwright14@seattletimes.com', 'dfcaf07b667385e835f9ecec581707b183a7d8aab1c395400c4ed495690e389e', 'nallwright14', 'Nils', 'Allwright', 'in consequat ut nulla sed accumsan felis ut at dolor quis odio consequat', '11925', null, 'http://dummyimage.com/136x100.png/dddddd/000000', 'http://dummyimage.com/189x100.png/5fa2dd/ffffff', true);
insert into Users (id, createdAt, email, pwHash, username, first_name, last_name, bio, reputation, blockReason, profilePicture, bannerPicture, isAdmin) values (42, '1/17/2022', 'tbartlomieczak15@youku.com', '22f7f4e33a9877b22d715e7ac89f4cc80b63f15b4427da527354951c24c9bb2e', 'efores15', null, null, null, '123', null, 'http://dummyimage.com/220x100.png/cc0000/ffffff', 'http://dummyimage.com/227x100.png/5fa2dd/ffffff', true);
insert into Users (id, createdAt, email, pwHash, username, first_name, last_name, bio, reputation, blockReason, profilePicture, bannerPicture, isAdmin) values (43, '7/16/2022', 'eduffus16@uiuc.edu', '47270fcbf313c4a290cea7b325135336c1f304c868743e3597b5fc4f3cae5913', 'eduffus16', 'El', 'Duffus', 'pede justo eu massa donec dapibus duis at velit eu est congue', '3098', null, 'http://dummyimage.com/118x100.png/dddddd/000000', 'http://dummyimage.com/245x100.png/dddddd/000000', true);
insert into Users (id, createdAt, email, pwHash, username, first_name, last_name, bio, reputation, blockReason, profilePicture, bannerPicture, isAdmin) values (44, '1/17/2022', 'mraiment17@is.gd', 'ef86e513245a28d6328e44453f530289af2c2f49f71b4d8eae6fcd25dd47abd6', 'mraiment17', 'Magda', 'Raiment', 'sit amet consectetuer adipiscing elit proin risus praesent lectus vestibulum quam sapien varius', '0', null, 'http://dummyimage.com/234x100.png/cc0000/ffffff', 'http://dummyimage.com/109x100.png/ff4444/ffffff', false);
insert into Users (id, createdAt, email, pwHash, username, first_name, last_name, bio, reputation, blockReason, profilePicture, bannerPicture, isAdmin) values (45, '5/3/2022', 'mmaccaig18@cafepress.com', 'a171ade0121ee8ac9fde563169240cc4e3fb08da2b0a1969f07c01246cd87dce', 'mmaccaig18', 'Martynne', 'MacCaig', null, '4342', null, 'http://dummyimage.com/239x100.png/5fa2dd/ffffff', 'http://dummyimage.com/152x100.png/5fa2dd/ffffff', true);
insert into Users (id, createdAt, email, pwHash, username, first_name, last_name, bio, reputation, blockReason, profilePicture, bannerPicture, isAdmin) values (46, '3/22/2022', 'sallewell19@weibo.com', '18018c6b6aa7dbda2b7ae10f4a028d1b3dc989bab743f07687fb1c44bb45b029', 'sallewell19', 'Stella', 'Allewell', 'adipiscing elit proin risus praesent lectus vestibulum quam sapien varius ut blandit non interdum', '08', null, 'http://dummyimage.com/128x100.png/ff4444/ffffff', 'http://dummyimage.com/122x100.png/ff4444/ffffff', true);
insert into Users (id, createdAt, email, pwHash, username, first_name, last_name, bio, reputation, blockReason, profilePicture, bannerPicture, isAdmin) values (47, '10/4/2022', 'gcordova1a@china.com.cn', 'e61f253432bf97ccd4701af5f516f2889c1c98b3e961fc4da53183c4be80a412', 'gcordova1a', 'Galvan', 'Cordova', 'porta volutpat quam pede lobortis ligula sit amet eleifend pede libero quis orci', '2024', null, 'http://dummyimage.com/204x100.png/5fa2dd/ffffff', 'http://dummyimage.com/217x100.png/dddddd/000000', false);
insert into Users (id, createdAt, email, pwHash, username, first_name, last_name, bio, reputation, blockReason, profilePicture, bannerPicture, isAdmin) values (48, '4/24/2022', 'sskarin1b@spiegel.de', 'a2ff25d7cf8592c13a98b644242468436812657f1fc5a75cffe706714db8e19a', 'sskarin1b', 'Stanislaus', 'Skarin', null, '1356', null, 'http://dummyimage.com/237x100.png/cc0000/ffffff', 'http://dummyimage.com/233x100.png/ff4444/ffffff', true);
insert into Users (id, createdAt, email, pwHash, username, first_name, last_name, bio, reputation, blockReason, profilePicture, bannerPicture, isAdmin) values (49, '2/12/2022', 'amaceveley1c@infoseek.co.jp', '024585f555e9a8530c1b281719d19d945d06428fac76056fb83a4259e30cb20d', 'amaceveley1c', 'Antonella', 'MacEveley', null, '06136', null, 'http://dummyimage.com/137x100.png/dddddd/000000', 'http://dummyimage.com/177x100.png/5fa2dd/ffffff', false);
insert into Users (id, createdAt, email, pwHash, username, first_name, last_name, bio, reputation, blockReason, profilePicture, bannerPicture, isAdmin) values (50, '4/7/2022', 'dpaolozzi1d@guardian.co.uk', 'adc2ce8e633c80dc7bcf989af8e2131d78d457a1a982d77b6c77cf50436f73e0', 'dpaolozzi1d', 'Donnell', 'Paolozzi', 'duis aliquam convallis nunc proin at turpis a pede posuere nonummy integer', '89860', null, 'http://dummyimage.com/142x100.png/ff4444/ffffff', 'http://dummyimage.com/181x100.png/dddddd/000000', true);
insert into Users (id, createdAt, email, pwHash, username, first_name, last_name, bio, reputation, blockReason, profilePicture, bannerPicture, isAdmin) values (51, '6/22/2022', 'rmcguggy1e@skyrock.com', 'e01ed55977363c43d62d16fdc5115354effdbf928eca12f5d0a64fdb767db4e0', 'rmcguggy1e', 'Reinaldos', 'McGuggy', null, '75', null, 'http://dummyimage.com/199x100.png/dddddd/000000', 'http://dummyimage.com/123x100.png/cc0000/ffffff', false);
insert into Users (id, createdAt, email, pwHash, username, first_name, last_name, bio, reputation, blockReason, profilePicture, bannerPicture, isAdmin) values (52, '7/15/2022', 'lcushe1f@aol.com', '5a2cc422f1b48915eeb735c8e9df405462799b4367d9361c7037ae2e6499b758', 'lcushe1f', 'Lorri', 'Cushe', 'pede justo lacinia eget tincidunt eget tempus vel pede morbi porttitor lorem id ligula suspendisse ornare', '2', null, 'http://dummyimage.com/249x100.png/5fa2dd/ffffff', 'http://dummyimage.com/145x100.png/ff4444/ffffff', false);
insert into Users (id, createdAt, email, pwHash, username, first_name, last_name, bio, reputation, blockReason, profilePicture, bannerPicture, isAdmin) values (53, '2/26/2022', 'rsausman1g@cam.ac.uk', '768098feed26945a3645c6499035f110a65e07a499347cd8969414deba0f499b', 'rsausman1g', 'Rudolfo', 'Sausman', null, '27499', null, 'http://dummyimage.com/131x100.png/dddddd/000000', 'http://dummyimage.com/209x100.png/ff4444/ffffff', false);
insert into Users (id, createdAt, email, pwHash, username, first_name, last_name, bio, reputation, blockReason, profilePicture, bannerPicture, isAdmin) values (54, '9/29/2022', 'rmasserel1h@google.com', '000d1285de655e69361616f542b4da2820e7410aba52935136141768f50df8de', 'rmasserel1h', 'Roxanne', 'Masserel', 'nunc vestibulum ante ipsum primis in faucibus orci luctus et', '7144', null, 'http://dummyimage.com/122x100.png/dddddd/000000', 'http://dummyimage.com/173x100.png/dddddd/000000', false);
insert into Users (id, createdAt, email, pwHash, username, first_name, last_name, bio, reputation, blockReason, profilePicture, bannerPicture, isAdmin) values (55, '7/31/2022', 'pranahan1i@si.edu', 'b4206c97e9fc985388360a092e18acab4e9e39d6b3266c5e9191d320636267f3', 'pranahan1i', 'Paddy', 'Ranahan', 'proin eu mi nulla ac enim in tempor turpis nec euismod scelerisque quam turpis adipiscing', '944', null, 'http://dummyimage.com/232x100.png/ff4444/ffffff', 'http://dummyimage.com/100x100.png/cc0000/ffffff', false);
insert into Users (id, createdAt, email, pwHash, username, first_name, last_name, bio, reputation, blockReason, profilePicture, bannerPicture, isAdmin) values (56, '6/23/2022', 'etankin1j@nbcnews.com', '54e953d4e09e746c2ba7455165452a39feece2cc57fee20b120b0eecc4a7a08f', 'ljeannon1j', null, null, null, '9', null, 'http://dummyimage.com/114x100.png/5fa2dd/ffffff', 'http://dummyimage.com/233x100.png/ff4444/ffffff', false);
insert into Users (id, createdAt, email, pwHash, username, first_name, last_name, bio, reputation, blockReason, profilePicture, bannerPicture, isAdmin) values (57, '8/28/2022', 'gshowler1k@un.org', '824d08b76b1bf64d087315d4ca2b060de03d9aa12efe20c4a40250a370eead91', 'gshowler1k', 'Germana', 'Showler', 'proin risus praesent lectus vestibulum quam sapien varius ut blandit non interdum in ante vestibulum ante ipsum', '45', null, 'http://dummyimage.com/247x100.png/ff4444/ffffff', 'http://dummyimage.com/168x100.png/cc0000/ffffff', true);
insert into Users (id, createdAt, email, pwHash, username, first_name, last_name, bio, reputation, blockReason, profilePicture, bannerPicture, isAdmin) values (58, '11/25/2021', 'bsare1l@marriott.com', '93754b9d76c0fd996b56d612ab64874afde4b5df0b2d3ca873e6523bf8c096e3', 'bsare1l', 'Brade', 'Sare', null, '0', null, 'http://dummyimage.com/155x100.png/ff4444/ffffff', 'http://dummyimage.com/125x100.png/cc0000/ffffff', true);
insert into Users (id, createdAt, email, pwHash, username, first_name, last_name, bio, reputation, blockReason, profilePicture, bannerPicture, isAdmin) values (59, '8/28/2022', 'msorsby1m@usnews.com', '236c06c815f5f20d7a9c8859732e2245e0acbd19d89802d08576a0b3539f85cc', 'msorsby1m', 'Mabel', 'Sorsby', null, '23024', null, 'http://dummyimage.com/158x100.png/5fa2dd/ffffff', 'http://dummyimage.com/148x100.png/dddddd/000000', false);
insert into Users (id, createdAt, email, pwHash, username, first_name, last_name, bio, reputation, blockReason, profilePicture, bannerPicture, isAdmin) values (60, '12/27/2021', 'mdeclerq1n@mediafire.com', 'e8854d028aa34cc26c139b7d1ab306f8b5b89fcdb4392f23181bb884ccfeec86', 'mdeclerq1n', 'Mara', 'de Clerq', 'leo odio porttitor id consequat in consequat ut nulla sed accumsan felis ut at dolor quis odio consequat varius', '51', null, 'http://dummyimage.com/166x100.png/ff4444/ffffff', 'http://dummyimage.com/214x100.png/dddddd/000000', true);
insert into Users (id, createdAt, email, pwHash, username, first_name, last_name, bio, reputation, blockReason, profilePicture, bannerPicture, isAdmin) values (61, '4/11/2022', 'cleyzell1o@newyorker.com', '5c141bd391ff108f0cf802bbb6ceeb70d76762a072f1533dd31593d31d6ee6c1', 'cleyzell1o', 'Carmine', 'Leyzell', 'odio cras mi pede malesuada in imperdiet et commodo vulputate justo in', '8', null, 'http://dummyimage.com/160x100.png/ff4444/ffffff', 'http://dummyimage.com/192x100.png/5fa2dd/ffffff', false);
insert into Users (id, createdAt, email, pwHash, username, first_name, last_name, bio, reputation, blockReason, profilePicture, bannerPicture, isAdmin) values (62, '8/26/2022', 'vkaesmans1p@oaic.gov.au', 'fe0b06f7ec05927a651acff391d16418b0f34db19652a228962ddda42418c6d8', 'vkaesmans1p', 'Veronique', 'Kaesmans', 'dictumst maecenas ut massa quis augue luctus tincidunt nulla mollis molestie lorem quisque ut erat', '81', null, 'http://dummyimage.com/112x100.png/ff4444/ffffff', 'http://dummyimage.com/118x100.png/dddddd/000000', true);
insert into Users (id, createdAt, email, pwHash, username, first_name, last_name, bio, reputation, blockReason, profilePicture, bannerPicture, isAdmin) values (63, '1/16/2022', 'lmayberry1q@nyu.edu', '11121c7d1a1026e4bf36fa7b03c61eb9c305a94645ead3bf4c9eee295d6d006e', 'lmayberry1q', 'Lucretia', 'Mayberry', 'eget elit sodales scelerisque mauris sit amet eros suspendisse accumsan tortor quis turpis', '28', null, 'http://dummyimage.com/249x100.png/cc0000/ffffff', 'http://dummyimage.com/221x100.png/cc0000/ffffff', true);
insert into Users (id, createdAt, email, pwHash, username, first_name, last_name, bio, reputation, blockReason, profilePicture, bannerPicture, isAdmin) values (64, '8/29/2022', 'cribou1r@bloomberg.com', '397aac96923100200bc27a6fbcc4dbf29caffa9768651054b7fe7a0cab798e7e', 'cribou1r', 'Carny', 'Ribou', null, '58', null, 'http://dummyimage.com/219x100.png/cc0000/ffffff', 'http://dummyimage.com/236x100.png/cc0000/ffffff', false);
insert into Users (id, createdAt, email, pwHash, username, first_name, last_name, bio, reputation, blockReason, profilePicture, bannerPicture, isAdmin) values (65, '12/20/2021', 'emechic1s@engadget.com', '57df5531ece8305d01a1d69763671eededa7ea9b0b238fc1f741c4d563888171', 'emechic1s', 'Ellie', 'Mechic', 'nisi venenatis tristique fusce congue diam id ornare imperdiet sapien urna pretium nisl ut volutpat sapien arcu', '5107', null, 'http://dummyimage.com/134x100.png/cc0000/ffffff', 'http://dummyimage.com/232x100.png/ff4444/ffffff', true);
insert into Users (id, createdAt, email, pwHash, username, first_name, last_name, bio, reputation, blockReason, profilePicture, bannerPicture, isAdmin) values (66, '12/7/2021', 'seye1t@jigsy.com', '036dd16fb2b331f4fc7bc506e06aca9f6319834df43e6ce041b1a3c99e7b66d0', 'seye1t', 'Sterling', 'Eye', 'enim lorem ipsum dolor sit amet consectetuer adipiscing elit proin interdum mauris non ligula', '024', null, 'http://dummyimage.com/104x100.png/ff4444/ffffff', 'http://dummyimage.com/168x100.png/ff4444/ffffff', false);
insert into Users (id, createdAt, email, pwHash, username, first_name, last_name, bio, reputation, blockReason, profilePicture, bannerPicture, isAdmin) values (67, '10/14/2022', 'lnevin1u@cisco.com', '86d15499d8680c9dd8cb2aba4782bcd9b16c4ba7abf86411375af01d0d856d32', 'lnevin1u', 'Liam', 'Nevin', 'justo maecenas rhoncus aliquam lacus morbi quis tortor id nulla ultrices aliquet maecenas leo odio condimentum id', '6', null, 'http://dummyimage.com/127x100.png/ff4444/ffffff', 'http://dummyimage.com/235x100.png/5fa2dd/ffffff', true);
insert into Users (id, createdAt, email, pwHash, username, first_name, last_name, bio, reputation, blockReason, profilePicture, bannerPicture, isAdmin) values (68, '8/17/2022', 'mseint1v@acquirethisname.com', 'f08de158a794a60cf97ca0d2bf7e1048be93d0ddcd5de55b67fd6f8b96dd945a', 'mseint1v', 'Matthieu', 'Seint', 'pretium iaculis justo in hac habitasse platea dictumst etiam faucibus cursus urna ut', '8126', null, 'http://dummyimage.com/206x100.png/cc0000/ffffff', 'http://dummyimage.com/195x100.png/dddddd/000000', false);
insert into Users (id, createdAt, email, pwHash, username, first_name, last_name, bio, reputation, blockReason, profilePicture, bannerPicture, isAdmin) values (69, '1/24/2022', 'nclarricoates1w@cloudflare.com', 'b60983d695b3e3c5801ce338abf83099ff26256133f53e81f3f06b40da15b399', 'nclarricoates1w', 'Nial', 'Clarricoates', 'ultricies eu nibh quisque id justo sit amet sapien dignissim vestibulum', '78783', null, 'http://dummyimage.com/185x100.png/cc0000/ffffff', 'http://dummyimage.com/131x100.png/ff4444/ffffff', true);
insert into Users (id, createdAt, email, pwHash, username, first_name, last_name, bio, reputation, blockReason, profilePicture, bannerPicture, isAdmin) values (70, '3/3/2022', 'dlovart1x@sfgate.com', '2bc2f459143813ea4f891b7baefd0efff92d6435c9bfffd0f1e6e6109b7f9c9b', 'dlovart1x', 'Dotty', 'Lovart', 'luctus et ultrices posuere cubilia curae nulla dapibus dolor vel', '6020', null, 'http://dummyimage.com/196x100.png/cc0000/ffffff', 'http://dummyimage.com/202x100.png/5fa2dd/ffffff', false);
insert into Users (id, createdAt, email, pwHash, username, first_name, last_name, bio, reputation, blockReason, profilePicture, bannerPicture, isAdmin) values (71, '2/19/2022', 'abillion1y@google.com.hk', '2588a206dab899a6da384edf6db28167430d7c104ab02ed4eba6315cae20e2ee', 'abillion1y', 'Alia', 'Billion', 'cum sociis natoque penatibus et magnis dis parturient montes nascetur ridiculus mus etiam', '54773', null, 'http://dummyimage.com/139x100.png/ff4444/ffffff', 'http://dummyimage.com/168x100.png/dddddd/000000', false);
insert into Users (id, createdAt, email, pwHash, username, first_name, last_name, bio, reputation, blockReason, profilePicture, bannerPicture, isAdmin) values (72, '1/2/2022', 'bbracci1z@xrea.com', 'd326253d37a05b3758dcddb21483f27235cd3a64ed8450b3aaabd9b4b9bf5a9f', 'bbracci1z', 'Bab', 'Bracci', 'duis faucibus accumsan odio curabitur convallis duis consequat dui nec nisi volutpat eleifend donec ut dolor morbi vel', '55', null, 'http://dummyimage.com/161x100.png/cc0000/ffffff', 'http://dummyimage.com/163x100.png/cc0000/ffffff', true);
insert into Users (id, createdAt, email, pwHash, username, first_name, last_name, bio, reputation, blockReason, profilePicture, bannerPicture, isAdmin) values (73, '1/22/2022', 'gwaldron20@163.com', '54259ec8bf0d97a78aeb51293141847c2fbe203732f2771ad6e5a7b30ca5e804', 'gwaldron20', 'Godiva', 'Waldron', 'nulla ut erat id mauris vulputate elementum nullam varius nulla facilisi cras non velit', '037', null, 'http://dummyimage.com/203x100.png/dddddd/000000', 'http://dummyimage.com/203x100.png/cc0000/ffffff', false);
insert into Users (id, createdAt, email, pwHash, username, first_name, last_name, bio, reputation, blockReason, profilePicture, bannerPicture, isAdmin) values (74, '2/16/2022', 'cbrecknell21@biblegateway.com', '273fc8dd22b0129d2717252bf0a0d21046fe7bd1066f62c115944e5744a599d7', 'gvolk21', null, null, 'velit nec nisi vulputate nonummy maecenas tincidunt lacus at velit vivamus', '2', null, 'http://dummyimage.com/202x100.png/ff4444/ffffff', 'http://dummyimage.com/128x100.png/dddddd/000000', true);
insert into Users (id, createdAt, email, pwHash, username, first_name, last_name, bio, reputation, blockReason, profilePicture, bannerPicture, isAdmin) values (75, '8/22/2022', 'fdingivan22@storify.com', 'a1dc386441e1e3ebb9b3f69ef029959460ddec48a5194141d299af1b2575d1d4', 'fdingivan22', 'Frederik', 'Dingivan', 'fermentum donec ut mauris eget massa tempor convallis nulla neque libero convallis eget eleifend luctus ultricies', '4226', null, 'http://dummyimage.com/151x100.png/5fa2dd/ffffff', 'http://dummyimage.com/167x100.png/ff4444/ffffff', false);
insert into Users (id, createdAt, email, pwHash, username, first_name, last_name, bio, reputation, blockReason, profilePicture, bannerPicture, isAdmin) values (76, '4/16/2022', 'mrochelle23@jalbum.net', 'd5ec3bb566d4b7900dcbdf699f0528fd0ed796f3fba79a3aeb7b7edef8ae552f', 'mrochelle23', 'Matti', 'Rochelle', 'quam pede lobortis ligula sit amet eleifend pede libero quis orci', '123', null, 'http://dummyimage.com/126x100.png/ff4444/ffffff', 'http://dummyimage.com/159x100.png/dddddd/000000', false);
insert into Users (id, createdAt, email, pwHash, username, first_name, last_name, bio, reputation, blockReason, profilePicture, bannerPicture, isAdmin) values (77, '8/25/2022', 'gfilyashin24@abc.net.au', '204c4eba3658c3a8d78d32b74ae24ffe142baa3e0984c851ba96f23684e9ab37', 'gfilyashin24', 'Garreth', 'Filyashin', 'orci luctus et ultrices posuere cubilia curae duis faucibus accumsan odio curabitur convallis duis consequat dui nec nisi volutpat eleifend', '35', null, 'http://dummyimage.com/173x100.png/5fa2dd/ffffff', 'http://dummyimage.com/136x100.png/dddddd/000000', false);
insert into Users (id, createdAt, email, pwHash, username, first_name, last_name, bio, reputation, blockReason, profilePicture, bannerPicture, isAdmin) values (78, '4/8/2022', 'bsalla25@reuters.com', '5a6b833e2a1c4e82b2c8f9bf01ebe488e5e59b9261bc65f8da4d519f70e98fea', 'bsalla25', 'Berni', 'Salla', 'nibh in quis justo maecenas rhoncus aliquam lacus morbi quis tortor id nulla ultrices aliquet maecenas leo odio condimentum id', '34258', null, 'http://dummyimage.com/174x100.png/dddddd/000000', 'http://dummyimage.com/168x100.png/dddddd/000000', true);
insert into Users (id, createdAt, email, pwHash, username, first_name, last_name, bio, reputation, blockReason, profilePicture, bannerPicture, isAdmin) values (79, '8/17/2022', 'mbarhims26@census.gov', 'ca271f2b48049cc22d0033d715634dc028e517b213e1650267ecd2a5e4c6b4de', 'mbarhims26', 'Margy', 'Barhims', 'lorem integer tincidunt ante vel ipsum praesent blandit lacinia erat', '7', null, 'http://dummyimage.com/104x100.png/dddddd/000000', 'http://dummyimage.com/238x100.png/dddddd/000000', true);
insert into Users (id, createdAt, email, pwHash, username, first_name, last_name, bio, reputation, blockReason, profilePicture, bannerPicture, isAdmin) values (80, '7/18/2022', 'callbones27@elpais.com', 'e79958a83262500e06379721348b0cc969d22c572e8bf936a6127517cde3b7db', 'callbones27', 'Case', 'Allbones', 'pede venenatis non sodales sed tincidunt eu felis fusce posuere felis sed lacus morbi sem mauris laoreet ut rhoncus', '9', null, 'http://dummyimage.com/200x100.png/cc0000/ffffff', 'http://dummyimage.com/103x100.png/ff4444/ffffff', false);
insert into Users (id, createdAt, email, pwHash, username, first_name, last_name, bio, reputation, blockReason, profilePicture, bannerPicture, isAdmin) values (81, '8/26/2022', 'pwolton28@blog.com', 'ce741a7ea76f9f5a6dd4a84280e22fcc77feae20feb7d06f5374e2b6a472971d', 'pwolton28', 'Perrine', 'Wolton', null, '9760', null, 'http://dummyimage.com/133x100.png/dddddd/000000', 'http://dummyimage.com/129x100.png/cc0000/ffffff', false);
insert into Users (id, createdAt, email, pwHash, username, first_name, last_name, bio, reputation, blockReason, profilePicture, bannerPicture, isAdmin) values (82, '10/6/2022', 'gavramchik29@webnode.com', 'b51b293ed922397998b7b2367cbf383456b9668e9e19cc5ff72234dc528c0767', 'gavramchik29', 'Garrot', 'Avramchik', 'orci vehicula condimentum curabitur in libero ut massa volutpat convallis morbi odio odio', '5840', null, 'http://dummyimage.com/233x100.png/ff4444/ffffff', 'http://dummyimage.com/144x100.png/5fa2dd/ffffff', true);
insert into Users (id, createdAt, email, pwHash, username, first_name, last_name, bio, reputation, blockReason, profilePicture, bannerPicture, isAdmin) values (83, '5/16/2022', 'lrailton2a@mtv.com', '98356b9c660d5b4a34ab6b5cbde441391d1bb5ca1fee7b1bc11372e4f3313f2b', 'lrailton2a', 'Leanora', 'Railton', null, '55165', null, 'http://dummyimage.com/181x100.png/cc0000/ffffff', 'http://dummyimage.com/211x100.png/5fa2dd/ffffff', true);
insert into Users (id, createdAt, email, pwHash, username, first_name, last_name, bio, reputation, blockReason, profilePicture, bannerPicture, isAdmin) values (84, '9/9/2022', 'ccrus2b@cargocollective.com', '3cace0655e37f9f939cda9c5926a83bd8c3178c6b85dbe35ae815068027070c8', 'jpalser2b', null, null, 'massa id lobortis convallis tortor risus dapibus augue vel accumsan', '630', null, 'http://dummyimage.com/164x100.png/ff4444/ffffff', 'http://dummyimage.com/218x100.png/5fa2dd/ffffff', false);
insert into Users (id, createdAt, email, pwHash, username, first_name, last_name, bio, reputation, blockReason, profilePicture, bannerPicture, isAdmin) values (85, '2/11/2022', 'ebickle2c@storify.com', '16a8f79df4b3f9f6ec3350b3fc448576a24df350c8ce5ce5dbcd6c6fb8fb956f', 'ebickle2c', 'Eryn', 'Bickle', 'quisque erat eros viverra eget congue eget semper rutrum nulla nunc purus phasellus in felis donec', '27', null, 'http://dummyimage.com/192x100.png/5fa2dd/ffffff', 'http://dummyimage.com/118x100.png/ff4444/ffffff', false);
insert into Users (id, createdAt, email, pwHash, username, first_name, last_name, bio, reputation, blockReason, profilePicture, bannerPicture, isAdmin) values (86, '3/31/2022', 'dsabine2d@blogtalkradio.com', 'f1bf52a388853e0ddba533f270552a7baa1553b34125b8e0891013527c88523f', 'dsabine2d', 'Deane', 'Sabine', 'tempus vivamus in felis eu sapien cursus vestibulum proin eu mi nulla ac enim in tempor turpis nec', '6', null, 'http://dummyimage.com/118x100.png/cc0000/ffffff', 'http://dummyimage.com/123x100.png/ff4444/ffffff', true);
insert into Users (id, createdAt, email, pwHash, username, first_name, last_name, bio, reputation, blockReason, profilePicture, bannerPicture, isAdmin) values (87, '10/21/2022', 'amannin2e@last.fm', 'af15aa2ae03af9c1f75711a52edd3cc7a3b3dc3bec0cf242d85f85f9d885ca09', 'cbarhems2e', null, null, 'duis aliquam convallis nunc proin at turpis a pede posuere', '7', null, 'http://dummyimage.com/119x100.png/ff4444/ffffff', 'http://dummyimage.com/103x100.png/cc0000/ffffff', true);
insert into Users (id, createdAt, email, pwHash, username, first_name, last_name, bio, reputation, blockReason, profilePicture, bannerPicture, isAdmin) values (88, '5/18/2022', 'odaouze2f@youku.com', '1082c44665c6ce7726d8e4a9a0809e84d968ad253691b3179480a24c90865d01', 'odaouze2f', 'Olivier', 'Daouze', null, '3223', null, 'http://dummyimage.com/128x100.png/5fa2dd/ffffff', 'http://dummyimage.com/212x100.png/ff4444/ffffff', false);
insert into Users (id, createdAt, email, pwHash, username, first_name, last_name, bio, reputation, blockReason, profilePicture, bannerPicture, isAdmin) values (89, '5/2/2022', 'rlawden2g@deviantart.com', 'b9aa98d4c34b95b4f8ff4dda3211cc68c7999043bd00d6c3d07f037d89f54228', 'rlawden2g', 'Rebecka', 'Lawden', null, '922', null, 'http://dummyimage.com/242x100.png/ff4444/ffffff', 'http://dummyimage.com/124x100.png/dddddd/000000', true);
insert into Users (id, createdAt, email, pwHash, username, first_name, last_name, bio, reputation, blockReason, profilePicture, bannerPicture, isAdmin) values (90, '7/22/2022', 'scrockford2h@blogtalkradio.com', 'c9d3c26c69569ef64f7633c7c9622b641396769fab1b78e717a1c85c3c45762f', 'scrockford2h', 'Smith', 'Crockford', 'cras mi pede malesuada in imperdiet et commodo vulputate justo in blandit ultrices enim lorem ipsum', '3856', null, 'http://dummyimage.com/161x100.png/dddddd/000000', 'http://dummyimage.com/132x100.png/dddddd/000000', true);
insert into Users (id, createdAt, email, pwHash, username, first_name, last_name, bio, reputation, blockReason, profilePicture, bannerPicture, isAdmin) values (91, '1/12/2022', 'aboobyer2i@hubpages.com', '9c39f006a67bdeff2976f0b335d8a34296315f39f456551e7a3638b576b8201d', 'adrissell2i', null, null, 'aliquam convallis nunc proin at turpis a pede posuere nonummy integer non velit donec diam neque vestibulum eget', '105', null, 'http://dummyimage.com/122x100.png/dddddd/000000', 'http://dummyimage.com/131x100.png/dddddd/000000', false);
insert into Users (id, createdAt, email, pwHash, username, first_name, last_name, bio, reputation, blockReason, profilePicture, bannerPicture, isAdmin) values (92, '9/5/2022', 'eperett2j@icq.com', '8b3a8ff32648c350684edafd806284dbf83a3217a8f656ddd720a0388e8e5f9b', 'eperett2j', 'Erina', 'Perett', 'etiam vel augue vestibulum rutrum rutrum neque aenean auctor gravida sem praesent id massa id nisl', '932', null, 'http://dummyimage.com/122x100.png/ff4444/ffffff', 'http://dummyimage.com/157x100.png/cc0000/ffffff', true);
insert into Users (id, createdAt, email, pwHash, username, first_name, last_name, bio, reputation, blockReason, profilePicture, bannerPicture, isAdmin) values (93, '10/8/2022', 'nlaundon2k@fastcompany.com', '020f66bfec6522682a24a8cc6d033011a74cd1aa892ffd2a88a98730620ef2bd', 'nlaundon2k', 'Neile', 'Laundon', 'ipsum primis in faucibus orci luctus et ultrices posuere cubilia curae', '38', null, 'http://dummyimage.com/232x100.png/5fa2dd/ffffff', 'http://dummyimage.com/128x100.png/dddddd/000000', true);
insert into Users (id, createdAt, email, pwHash, username, first_name, last_name, bio, reputation, blockReason, profilePicture, bannerPicture, isAdmin) values (94, '3/31/2022', 'adrains2l@shareasale.com', 'ffc484953f3fbea24b9198116a07bb90cdff77ceb1f3afd110d2e7a5feb97d30', 'adrains2l', 'Avram', 'Drains', 'congue elementum in hac habitasse platea dictumst morbi vestibulum velit id', '0', null, 'http://dummyimage.com/207x100.png/cc0000/ffffff', 'http://dummyimage.com/189x100.png/ff4444/ffffff', true);
insert into Users (id, createdAt, email, pwHash, username, first_name, last_name, bio, reputation, blockReason, profilePicture, bannerPicture, isAdmin) values (95, '6/14/2022', 'geastcourt2m@mapquest.com', '36be54468ba806427edb7c6cb49aca68741b7b620db63e3882505501bd960860', 'rsoutherton2m', null, null, 'mattis nibh ligula nec sem duis aliquam convallis nunc proin at', '9', null, 'http://dummyimage.com/132x100.png/5fa2dd/ffffff', 'http://dummyimage.com/159x100.png/ff4444/ffffff', true);
insert into Users (id, createdAt, email, pwHash, username, first_name, last_name, bio, reputation, blockReason, profilePicture, bannerPicture, isAdmin) values (96, '10/30/2022', 'kstirzaker2n@loc.gov', '080ada9b95ed364ed0f856a26d9e45604374b2e00338aed3dd9311f2890a3eb2', 'kstirzaker2n', 'Kellie', 'Stirzaker', null, '97841', null, 'http://dummyimage.com/211x100.png/cc0000/ffffff', 'http://dummyimage.com/122x100.png/5fa2dd/ffffff', true);
insert into Users (id, createdAt, email, pwHash, username, first_name, last_name, bio, reputation, blockReason, profilePicture, bannerPicture, isAdmin) values (97, '3/1/2022', 'tgaw2o@devhub.com', 'ff0295e59ed61426fc8df30532e2b7293223bb1b6f0bede7b5820d45b45b0d0e', 'tgaw2o', 'Tarrance', 'Gaw', 'diam cras pellentesque volutpat dui maecenas tristique est et tempus semper', '587', null, 'http://dummyimage.com/232x100.png/ff4444/ffffff', 'http://dummyimage.com/190x100.png/dddddd/000000', false);
insert into Users (id, createdAt, email, pwHash, username, first_name, last_name, bio, reputation, blockReason, profilePicture, bannerPicture, isAdmin) values (98, '8/17/2022', 'cwoolmore2p@google.pl', '1166a8034178cabfc1750946af5d1f1ecd5d9334e4cecd6ae02615a39460fa25', 'cwoolmore2p', 'Corbin', 'Woolmore', null, '96', null, 'http://dummyimage.com/199x100.png/5fa2dd/ffffff', 'http://dummyimage.com/101x100.png/5fa2dd/ffffff', true);
insert into Users (id, createdAt, email, pwHash, username, first_name, last_name, bio, reputation, blockReason, profilePicture, bannerPicture, isAdmin) values (99, '10/22/2022', 'mmatthiae2q@google.nl', 'adf9e80a494f55e54b63748b4ae58ee65a97b8d1010b6650c3e4841dc8314c42', 'mmatthiae2q', 'Mabelle', 'Matthiae', 'eget rutrum at lorem integer tincidunt ante vel ipsum praesent blandit lacinia erat', '06', null, 'http://dummyimage.com/230x100.png/ff4444/ffffff', 'http://dummyimage.com/181x100.png/dddddd/000000', true);
insert into Users (id, createdAt, email, pwHash, username, first_name, last_name, bio, reputation, blockReason, profilePicture, bannerPicture, isAdmin) values (100, '2/8/2022', 'cdooland2r@typepad.com', '212e5b654ae120c9237ebbfe5243e1227e074905b7fc78f02634e267962dd359', 'cdooland2r', 'Carlen', 'Dooland', 'tempor convallis nulla neque libero convallis eget eleifend luctus ultricies eu nibh quisque id', '2308', null, 'http://dummyimage.com/163x100.png/cc0000/ffffff', 'http://dummyimage.com/149x100.png/dddddd/000000', false);

-- FORUMS --

insert into Forums (id, createdAt, name, description, forumPicture, bannerPicture, hidden) values (1, '1/17/2022', 'McCullough LLC', 'Gc salpingitis (chronic)', 'http://dummyimage.com/134x154.png/cc0000/ffffff', 'http://dummyimage.com/205x230.png/ff4444/ffffff', false);
insert into Forums (id, createdAt, name, description, forumPicture, bannerPicture, hidden) values (2, '12/19/2021', 'Oberbrunner-Pouros', 'N-traf brd/alit-pedest', 'http://dummyimage.com/233x246.png/5fa2dd/ffffff', 'http://dummyimage.com/126x153.png/ff4444/ffffff', true);
insert into Forums (id, createdAt, name, description, forumPicture, bannerPicture, hidden) values (3, '5/1/2022', 'Thiel, Schuster and Waters', 'Varicose vein leg-deliv', 'http://dummyimage.com/206x115.png/dddddd/000000', 'http://dummyimage.com/233x182.png/5fa2dd/ffffff', true);
insert into Forums (id, createdAt, name, description, forumPicture, bannerPicture, hidden) values (4, '9/12/2022', 'MacGyver LLC', 'Opn skul vlt fx-coma NOS', 'http://dummyimage.com/136x122.png/ff4444/ffffff', 'http://dummyimage.com/249x189.png/ff4444/ffffff', false);
insert into Forums (id, createdAt, name, description, forumPicture, bannerPicture, hidden) values (5, '3/24/2022', 'Hammes, Yost and Bruen', 'Bipol I cur depress-mod', 'http://dummyimage.com/112x230.png/ff4444/ffffff', 'http://dummyimage.com/168x146.png/dddddd/000000', true);
insert into Forums (id, createdAt, name, description, forumPicture, bannerPicture, hidden) values (6, '7/9/2022', 'Trantow LLC', '3rd deg burn shoulder', 'http://dummyimage.com/227x149.png/5fa2dd/ffffff', 'http://dummyimage.com/187x101.png/5fa2dd/ffffff', true);
insert into Forums (id, createdAt, name, description, forumPicture, bannerPicture, hidden) values (7, '3/6/2022', 'Zemlak-Runte', 'Abn secretion glucagon', 'http://dummyimage.com/134x137.png/5fa2dd/ffffff', 'http://dummyimage.com/233x161.png/cc0000/ffffff', false);
insert into Forums (id, createdAt, name, description, forumPicture, bannerPicture, hidden) values (8, '7/25/2022', 'Daniel, Cronin and Stark', 'Sensormotr disor lid NEC', 'http://dummyimage.com/153x178.png/dddddd/000000', 'http://dummyimage.com/231x120.png/5fa2dd/ffffff', false);
insert into Forums (id, createdAt, name, description, forumPicture, bannerPicture, hidden) values (9, '11/28/2021', 'Baumbach-Mayert', 'Inj pelv org NEC-postpar', 'http://dummyimage.com/236x249.png/5fa2dd/ffffff', 'http://dummyimage.com/136x176.png/5fa2dd/ffffff', false);
insert into Forums (id, createdAt, name, description, forumPicture, bannerPicture, hidden) values (10, '8/24/2022', 'Aufderhar, Baumbach and McKenzie', 'Adv eff antacids', 'http://dummyimage.com/200x173.png/cc0000/ffffff', 'http://dummyimage.com/119x193.png/cc0000/ffffff', false);
insert into Forums (id, createdAt, name, description, forumPicture, bannerPicture, hidden) values (11, '9/11/2022', 'Mann-Klocko', null, null, null, true);
insert into Forums (id, createdAt, name, description, forumPicture, bannerPicture, hidden) values (12, '1/13/2022', 'Howe and Sons', 'Hit by train-person NEC', 'http://dummyimage.com/220x100.png/dddddd/000000', 'http://dummyimage.com/109x105.png/cc0000/ffffff', true);
insert into Forums (id, createdAt, name, description, forumPicture, bannerPicture, hidden) values (13, '11/28/2021', 'Bradtke Group', 'Eye disorder NOS', 'http://dummyimage.com/176x200.png/5fa2dd/ffffff', 'http://dummyimage.com/194x216.png/cc0000/ffffff', true);
insert into Forums (id, createdAt, name, description, forumPicture, bannerPicture, hidden) values (14, '1/18/2022', 'Schaden, Reilly and Huel', 'Intest infec e coli NOS', 'http://dummyimage.com/203x156.png/dddddd/000000', 'http://dummyimage.com/204x163.png/5fa2dd/ffffff', true);
insert into Forums (id, createdAt, name, description, forumPicture, bannerPicture, hidden) values (15, '6/26/2022', 'Breitenberg-Dooley', 'Bubonic plague', 'http://dummyimage.com/146x174.png/cc0000/ffffff', 'http://dummyimage.com/163x172.png/cc0000/ffffff', true);
insert into Forums (id, createdAt, name, description, forumPicture, bannerPicture, hidden) values (16, '3/30/2022', 'Nolan Inc', 'Lacrim passge change NEC', 'http://dummyimage.com/132x250.png/cc0000/ffffff', 'http://dummyimage.com/137x175.png/ff4444/ffffff', false);
insert into Forums (id, createdAt, name, description, forumPicture, bannerPicture, hidden) values (17, '8/22/2022', 'Boyer, Gaylord and Pacocha', 'Thyroiditis NOS', 'http://dummyimage.com/218x190.png/dddddd/000000', 'http://dummyimage.com/124x215.png/dddddd/000000', false);
insert into Forums (id, createdAt, name, description, forumPicture, bannerPicture, hidden) values (18, '8/31/2022', 'Veum-Price', '40-49% bdy brn/40-49% 3d', 'http://dummyimage.com/130x161.png/dddddd/000000', 'http://dummyimage.com/192x146.png/ff4444/ffffff', false);
insert into Forums (id, createdAt, name, description, forumPicture, bannerPicture, hidden) values (19, '6/14/2022', 'Mraz Group', 'Toxic effect venom', 'http://dummyimage.com/242x163.png/dddddd/000000', 'http://dummyimage.com/147x117.png/ff4444/ffffff', false);
insert into Forums (id, createdAt, name, description, forumPicture, bannerPicture, hidden) values (20, '10/21/2022', 'Waelchi Group', 'Rickettsioses NEC', 'http://dummyimage.com/186x194.png/dddddd/000000', 'http://dummyimage.com/142x200.png/ff4444/ffffff', false);
insert into Forums (id, createdAt, name, description, forumPicture, bannerPicture, hidden) values (21, '3/30/2022', 'Ward, Frami and Deckow', 'Opn skl base fx-brf coma', 'http://dummyimage.com/158x114.png/5fa2dd/ffffff', 'http://dummyimage.com/101x180.png/5fa2dd/ffffff', true);
insert into Forums (id, createdAt, name, description, forumPicture, bannerPicture, hidden) values (22, '4/27/2022', 'Schmidt Inc', 'Malignant neo trachea', 'http://dummyimage.com/211x125.png/dddddd/000000', 'http://dummyimage.com/155x197.png/cc0000/ffffff', true);
insert into Forums (id, createdAt, name, description, forumPicture, bannerPicture, hidden) values (23, '5/27/2022', 'Hettinger, Keeling and Abbott', 'Benign neoplasm scrotum', 'http://dummyimage.com/174x212.png/ff4444/ffffff', 'http://dummyimage.com/202x142.png/dddddd/000000', false);
insert into Forums (id, createdAt, name, description, forumPicture, bannerPicture, hidden) values (24, '9/23/2022', 'Kemmer LLC', 'Postpa hem NEC-del w p/p', 'http://dummyimage.com/234x155.png/cc0000/ffffff', 'http://dummyimage.com/193x109.png/cc0000/ffffff', false);
insert into Forums (id, createdAt, name, description, forumPicture, bannerPicture, hidden) values (25, '9/8/2022', 'Kiehn-Kerluke', 'Oth myl leuk w rmsion', 'http://dummyimage.com/196x237.png/ff4444/ffffff', 'http://dummyimage.com/143x139.png/cc0000/ffffff', false);
insert into Forums (id, createdAt, name, description, forumPicture, bannerPicture, hidden) values (26, '5/3/2022', 'Dicki-Bashirian', 'Syndactyl fing w fusion', 'http://dummyimage.com/118x226.png/cc0000/ffffff', 'http://dummyimage.com/122x175.png/ff4444/ffffff', true);
insert into Forums (id, createdAt, name, description, forumPicture, bannerPicture, hidden) values (27, '8/9/2022', 'Gislason LLC', 'Scr fetl malfrm-ultrasnd', 'http://dummyimage.com/227x233.png/cc0000/ffffff', 'http://dummyimage.com/131x153.png/dddddd/000000', true);
insert into Forums (id, createdAt, name, description, forumPicture, bannerPicture, hidden) values (28, '11/27/2021', 'Larkin-Daniel', 'Mountain,rock/wall climb', 'http://dummyimage.com/232x133.png/dddddd/000000', 'http://dummyimage.com/131x125.png/dddddd/000000', true);
insert into Forums (id, createdAt, name, description, forumPicture, bannerPicture, hidden) values (29, '3/8/2022', 'Funk-Parker', 'Uter dystocia NOS-antepa', 'http://dummyimage.com/205x171.png/dddddd/000000', 'http://dummyimage.com/249x148.png/cc0000/ffffff', false);
insert into Forums (id, createdAt, name, description, forumPicture, bannerPicture, hidden) values (30, '6/20/2022', 'Swaniawski-Bahringer', 'Acc poison-adrenergics', 'http://dummyimage.com/173x215.png/5fa2dd/ffffff', 'http://dummyimage.com/203x152.png/dddddd/000000', false);
insert into Forums (id, createdAt, name, description, forumPicture, bannerPicture, hidden) values (31, '7/28/2022', 'Ruecker Group', 'Trans arthropathy NEC', 'http://dummyimage.com/209x107.png/cc0000/ffffff', 'http://dummyimage.com/119x152.png/ff4444/ffffff', true);
insert into Forums (id, createdAt, name, description, forumPicture, bannerPicture, hidden) values (32, '5/12/2022', 'Mertz, Gaylord and Hermiston', 'Anomalies of foot NEC', 'http://dummyimage.com/199x193.png/cc0000/ffffff', 'http://dummyimage.com/120x184.png/dddddd/000000', false);
insert into Forums (id, createdAt, name, description, forumPicture, bannerPicture, hidden) values (33, '3/11/2022', 'Senger-Weimann', 'NB septicemia [sepsis]', 'http://dummyimage.com/235x219.png/dddddd/000000', 'http://dummyimage.com/238x205.png/5fa2dd/ffffff', true);
insert into Forums (id, createdAt, name, description, forumPicture, bannerPicture, hidden) values (34, '12/30/2021', 'Dare, Kris and Bruen', 'Cervical spinal stenosis', 'http://dummyimage.com/167x113.png/dddddd/000000', 'http://dummyimage.com/222x102.png/dddddd/000000', true);
insert into Forums (id, createdAt, name, description, forumPicture, bannerPicture, hidden) values (35, '12/13/2021', 'Deckow-Abbott', 'Injury ovarian artery', 'http://dummyimage.com/122x207.png/ff4444/ffffff', 'http://dummyimage.com/123x149.png/cc0000/ffffff', true);
insert into Forums (id, createdAt, name, description, forumPicture, bannerPicture, hidden) values (36, '6/18/2022', 'Zemlak, Casper and Dach', 'In utero proc NEC aff NB', 'http://dummyimage.com/235x177.png/dddddd/000000', 'http://dummyimage.com/178x103.png/5fa2dd/ffffff', false);
insert into Forums (id, createdAt, name, description, forumPicture, bannerPicture, hidden) values (37, '5/26/2022', 'Hoppe Inc', 'Cracked nipple-antepart', 'http://dummyimage.com/149x219.png/ff4444/ffffff', 'http://dummyimage.com/249x248.png/cc0000/ffffff', true);
insert into Forums (id, createdAt, name, description, forumPicture, bannerPicture, hidden) values (38, '8/5/2022', 'Bernier, Blick and Gulgowski', 'Descending colon inj-opn', 'http://dummyimage.com/115x130.png/5fa2dd/ffffff', 'http://dummyimage.com/237x218.png/dddddd/000000', false);
insert into Forums (id, createdAt, name, description, forumPicture, bannerPicture, hidden) values (39, '9/22/2022', 'Lehner-Littel', 'Ac osteomyelitis-shlder', 'http://dummyimage.com/108x122.png/5fa2dd/ffffff', 'http://dummyimage.com/248x149.png/dddddd/000000', true);
insert into Forums (id, createdAt, name, description, forumPicture, bannerPicture, hidden) values (40, '12/15/2021', 'Langosh, Pfeffer and Grady', 'Wrng temp in applic/pack', 'http://dummyimage.com/215x140.png/dddddd/000000', 'http://dummyimage.com/136x235.png/ff4444/ffffff', true);
insert into Forums (id, createdAt, name, description, forumPicture, bannerPicture, hidden) values (41, '12/15/2021', 'McLaughlin, Nolan and Padberg', 'Delayed milestones', 'http://dummyimage.com/107x159.png/dddddd/000000', 'http://dummyimage.com/250x222.png/cc0000/ffffff', false);
insert into Forums (id, createdAt, name, description, forumPicture, bannerPicture, hidden) values (42, '8/7/2022', 'Metz-Moen', 'Deficiencies of head', 'http://dummyimage.com/160x135.png/ff4444/ffffff', 'http://dummyimage.com/204x169.png/ff4444/ffffff', true);
insert into Forums (id, createdAt, name, description, forumPicture, bannerPicture, hidden) values (43, '8/27/2022', 'Ernser Group', 'Keratoconjunctivitis NOS', 'http://dummyimage.com/211x191.png/5fa2dd/ffffff', 'http://dummyimage.com/189x118.png/5fa2dd/ffffff', false);
insert into Forums (id, createdAt, name, description, forumPicture, bannerPicture, hidden) values (44, '4/5/2022', 'Murazik Inc', 'NB other vomiting', 'http://dummyimage.com/238x167.png/cc0000/ffffff', 'http://dummyimage.com/228x120.png/dddddd/000000', true);
insert into Forums (id, createdAt, name, description, forumPicture, bannerPicture, hidden) values (45, '8/12/2022', 'Corwin-Dare', 'Dermatophytosis of foot', 'http://dummyimage.com/196x182.png/cc0000/ffffff', 'http://dummyimage.com/213x184.png/cc0000/ffffff', true);
insert into Forums (id, createdAt, name, description, forumPicture, bannerPicture, hidden) values (46, '11/6/2021', 'Gibson Inc', 'Primary CNS lymph multip', 'http://dummyimage.com/163x231.png/5fa2dd/ffffff', 'http://dummyimage.com/131x180.png/5fa2dd/ffffff', true);
insert into Forums (id, createdAt, name, description, forumPicture, bannerPicture, hidden) values (47, '3/24/2022', 'Ziemann-Jones', 'BMI,pediatric <5%', 'http://dummyimage.com/126x186.png/5fa2dd/ffffff', 'http://dummyimage.com/242x169.png/5fa2dd/ffffff', true);
insert into Forums (id, createdAt, name, description, forumPicture, bannerPicture, hidden) values (48, '10/31/2021', 'Kautzer, Weissnat and Pfannerstill', 'Pyogen arthritis-l/leg', 'http://dummyimage.com/159x197.png/dddddd/000000', 'http://dummyimage.com/163x157.png/dddddd/000000', false);
insert into Forums (id, createdAt, name, description, forumPicture, bannerPicture, hidden) values (49, '4/26/2022', 'Heathcote, McKenzie and Hettinger', 'Peritoneal abscess', 'http://dummyimage.com/189x122.png/cc0000/ffffff', 'http://dummyimage.com/246x121.png/dddddd/000000', true);
insert into Forums (id, createdAt, name, description, forumPicture, bannerPicture, hidden) values (50, '10/26/2022', 'Klein Inc', 'Hered spastic paraplegia', 'http://dummyimage.com/226x136.png/ff4444/ffffff', 'http://dummyimage.com/163x186.png/ff4444/ffffff', false);
insert into Forums (id, createdAt, name, description, forumPicture, bannerPicture, hidden) values (51, '4/24/2022', 'Schmitt Inc', 'Cereb degeneration NOS', 'http://dummyimage.com/172x205.png/dddddd/000000', 'http://dummyimage.com/210x161.png/cc0000/ffffff', true);
insert into Forums (id, createdAt, name, description, forumPicture, bannerPicture, hidden) values (52, '1/17/2022', 'Carter LLC', 'Use oth agnt af estrogen', 'http://dummyimage.com/183x105.png/cc0000/ffffff', 'http://dummyimage.com/234x243.png/5fa2dd/ffffff', true);
insert into Forums (id, createdAt, name, description, forumPicture, bannerPicture, hidden) values (53, '3/7/2022', 'Rempel-Monahan', 'Contraceptive mangmt NEC', 'http://dummyimage.com/228x218.png/dddddd/000000', 'http://dummyimage.com/142x145.png/dddddd/000000', false);
insert into Forums (id, createdAt, name, description, forumPicture, bannerPicture, hidden) values (54, '9/3/2022', 'Fahey, Cummings and Bergnaum', 'Aircraft acc-parachutist', 'http://dummyimage.com/112x167.png/dddddd/000000', 'http://dummyimage.com/115x160.png/5fa2dd/ffffff', false);
insert into Forums (id, createdAt, name, description, forumPicture, bannerPicture, hidden) values (55, '12/31/2021', 'Oberbrunner-Mosciski', 'Postablativ ovarian fail', 'http://dummyimage.com/117x241.png/5fa2dd/ffffff', 'http://dummyimage.com/230x234.png/ff4444/ffffff', true);
insert into Forums (id, createdAt, name, description, forumPicture, bannerPicture, hidden) values (56, '1/4/2022', 'Turcotte, Emmerich and Funk', 'Uterine size descrep-del', 'http://dummyimage.com/110x189.png/5fa2dd/ffffff', 'http://dummyimage.com/245x196.png/cc0000/ffffff', true);
insert into Forums (id, createdAt, name, description, forumPicture, bannerPicture, hidden) values (57, '5/21/2022', 'Dickens-Kuhn', 'Mal neo cerebral mening', 'http://dummyimage.com/180x120.png/cc0000/ffffff', 'http://dummyimage.com/246x108.png/dddddd/000000', false);
insert into Forums (id, createdAt, name, description, forumPicture, bannerPicture, hidden) values (58, '9/17/2022', 'Nolan-Ratke', 'Other pneumothorax', 'http://dummyimage.com/203x154.png/5fa2dd/ffffff', 'http://dummyimage.com/102x101.png/5fa2dd/ffffff', false);
insert into Forums (id, createdAt, name, description, forumPicture, bannerPicture, hidden) values (59, '7/17/2022', 'Gulgowski, Dickinson and Brekke', 'Noninfect lymph dis NOS', 'http://dummyimage.com/197x148.png/ff4444/ffffff', 'http://dummyimage.com/223x155.png/dddddd/000000', true);
insert into Forums (id, createdAt, name, description, forumPicture, bannerPicture, hidden) values (60, '10/7/2022', 'Mraz Group', 'Burn NOS lip', 'http://dummyimage.com/204x134.png/5fa2dd/ffffff', 'http://dummyimage.com/110x191.png/ff4444/ffffff', true);
insert into Forums (id, createdAt, name, description, forumPicture, bannerPicture, hidden) values (61, '5/7/2022', 'Cremin-Connelly', 'Mult congen anomal NEC', 'http://dummyimage.com/125x196.png/5fa2dd/ffffff', 'http://dummyimage.com/198x185.png/dddddd/000000', true);
insert into Forums (id, createdAt, name, description, forumPicture, bannerPicture, hidden) values (62, '4/6/2022', 'Lockman Inc', 'Open wound mouth NEC', 'http://dummyimage.com/102x242.png/cc0000/ffffff', 'http://dummyimage.com/187x110.png/dddddd/000000', true);
insert into Forums (id, createdAt, name, description, forumPicture, bannerPicture, hidden) values (63, '6/27/2022', 'Watsica, Beier and Gerhold', null, null, null, true);
insert into Forums (id, createdAt, name, description, forumPicture, bannerPicture, hidden) values (64, '10/13/2022', 'Hand, Huels and Gerhold', 'Rubella in preg-unspec', 'http://dummyimage.com/159x169.png/dddddd/000000', 'http://dummyimage.com/206x223.png/dddddd/000000', false);
insert into Forums (id, createdAt, name, description, forumPicture, bannerPicture, hidden) values (65, '9/24/2022', 'Lueilwitz Inc', null, null, null, false);
insert into Forums (id, createdAt, name, description, forumPicture, bannerPicture, hidden) values (66, '8/25/2022', 'Harber, Rodriguez and Deckow', 'Tear med menisc knee-cur', 'http://dummyimage.com/135x190.png/dddddd/000000', 'http://dummyimage.com/119x183.png/ff4444/ffffff', true);
insert into Forums (id, createdAt, name, description, forumPicture, bannerPicture, hidden) values (67, '11/8/2021', 'Hyatt Inc', 'Pneumogastric nerve dis', 'http://dummyimage.com/111x163.png/cc0000/ffffff', 'http://dummyimage.com/144x128.png/5fa2dd/ffffff', false);
insert into Forums (id, createdAt, name, description, forumPicture, bannerPicture, hidden) values (68, '9/24/2022', 'Windler, Rau and Marquardt', 'Hb-SS disease w/o crisis', 'http://dummyimage.com/100x188.png/ff4444/ffffff', 'http://dummyimage.com/234x141.png/dddddd/000000', false);
insert into Forums (id, createdAt, name, description, forumPicture, bannerPicture, hidden) values (69, '2/26/2022', 'VonRueden LLC', 'Obstr eustach tube NOS', 'http://dummyimage.com/118x209.png/ff4444/ffffff', 'http://dummyimage.com/129x203.png/5fa2dd/ffffff', false);
insert into Forums (id, createdAt, name, description, forumPicture, bannerPicture, hidden) values (70, '3/29/2022', 'O''Reilly-Barton', 'Fx radius w ulna NOS-cl', 'http://dummyimage.com/245x145.png/cc0000/ffffff', 'http://dummyimage.com/133x118.png/cc0000/ffffff', true);
insert into Forums (id, createdAt, name, description, forumPicture, bannerPicture, hidden) values (71, '10/18/2022', 'Goldner Group', 'Mumps encephalitis', 'http://dummyimage.com/179x160.png/cc0000/ffffff', 'http://dummyimage.com/193x123.png/ff4444/ffffff', false);
insert into Forums (id, createdAt, name, description, forumPicture, bannerPicture, hidden) values (72, '6/19/2022', 'Moore, Hoppe and Gaylord', 'Oral aphthae', 'http://dummyimage.com/174x182.png/cc0000/ffffff', 'http://dummyimage.com/130x233.png/cc0000/ffffff', false);
insert into Forums (id, createdAt, name, description, forumPicture, bannerPicture, hidden) values (73, '8/29/2022', 'Franecki and Sons', null, null, null, false);
insert into Forums (id, createdAt, name, description, forumPicture, bannerPicture, hidden) values (74, '1/21/2022', 'Hudson, Moore and Schneider', 'Opn wound site NOS-compl', 'http://dummyimage.com/204x186.png/5fa2dd/ffffff', 'http://dummyimage.com/241x135.png/5fa2dd/ffffff', true);
insert into Forums (id, createdAt, name, description, forumPicture, bannerPicture, hidden) values (75, '8/15/2022', 'Ondricka Inc', '1st deg burn breast', 'http://dummyimage.com/234x124.png/ff4444/ffffff', 'http://dummyimage.com/119x227.png/5fa2dd/ffffff', false);
insert into Forums (id, createdAt, name, description, forumPicture, bannerPicture, hidden) values (76, '12/16/2021', 'Marks, Wisozk and Mitchell', 'Oth coll stn obj-cyc psg', 'http://dummyimage.com/196x126.png/dddddd/000000', 'http://dummyimage.com/174x174.png/dddddd/000000', true);
insert into Forums (id, createdAt, name, description, forumPicture, bannerPicture, hidden) values (77, '11/6/2021', 'Orn-Rolfson', 'Sprain of wrist NOS', 'http://dummyimage.com/140x144.png/5fa2dd/ffffff', 'http://dummyimage.com/240x250.png/dddddd/000000', true);
insert into Forums (id, createdAt, name, description, forumPicture, bannerPicture, hidden) values (78, '12/30/2021', 'Keebler, Brown and Mayert', 'Diastolc hrt failure NOS', 'http://dummyimage.com/200x156.png/ff4444/ffffff', 'http://dummyimage.com/115x121.png/ff4444/ffffff', false);
insert into Forums (id, createdAt, name, description, forumPicture, bannerPicture, hidden) values (79, '11/21/2021', 'Gerhold Group', 'Abnormal vulva-antepart', 'http://dummyimage.com/183x210.png/ff4444/ffffff', 'http://dummyimage.com/217x193.png/cc0000/ffffff', false);
insert into Forums (id, createdAt, name, description, forumPicture, bannerPicture, hidden) values (80, '2/7/2022', 'Kunde-Abbott', 'Miliary TB NOS-unspec', 'http://dummyimage.com/196x219.png/cc0000/ffffff', 'http://dummyimage.com/149x235.png/ff4444/ffffff', true);
insert into Forums (id, createdAt, name, description, forumPicture, bannerPicture, hidden) values (81, '4/8/2022', 'Hoeger-O''Kon', 'Cong anom of aorta NEC', 'http://dummyimage.com/141x198.png/cc0000/ffffff', 'http://dummyimage.com/116x162.png/dddddd/000000', true);
insert into Forums (id, createdAt, name, description, forumPicture, bannerPicture, hidden) values (82, '8/8/2022', 'Dooley and Sons', 'Idiopathic myocarditis', 'http://dummyimage.com/137x124.png/ff4444/ffffff', 'http://dummyimage.com/231x114.png/5fa2dd/ffffff', false);
insert into Forums (id, createdAt, name, description, forumPicture, bannerPicture, hidden) values (83, '6/11/2022', 'Bauch-Reichert', 'Convergenc insufficiency', 'http://dummyimage.com/146x106.png/cc0000/ffffff', 'http://dummyimage.com/238x141.png/5fa2dd/ffffff', true);
insert into Forums (id, createdAt, name, description, forumPicture, bannerPicture, hidden) values (84, '2/1/2022', 'Roob, Hermiston and Collins', 'Insect bite head-infect', 'http://dummyimage.com/109x201.png/cc0000/ffffff', 'http://dummyimage.com/123x105.png/ff4444/ffffff', true);
insert into Forums (id, createdAt, name, description, forumPicture, bannerPicture, hidden) values (85, '8/5/2022', 'Miller-Ziemann', 'Opn skul/oth fx w/o coma', 'http://dummyimage.com/220x151.png/ff4444/ffffff', 'http://dummyimage.com/181x176.png/dddddd/000000', true);
insert into Forums (id, createdAt, name, description, forumPicture, bannerPicture, hidden) values (86, '4/3/2022', 'O''Conner, Prosacco and Kilback', 'Hodgkins mix cell head', 'http://dummyimage.com/211x103.png/5fa2dd/ffffff', 'http://dummyimage.com/208x200.png/ff4444/ffffff', false);
insert into Forums (id, createdAt, name, description, forumPicture, bannerPicture, hidden) values (87, '7/18/2022', 'Towne-Daniel', 'Cereb degeneration NOS', 'http://dummyimage.com/139x105.png/dddddd/000000', 'http://dummyimage.com/223x122.png/ff4444/ffffff', true);
insert into Forums (id, createdAt, name, description, forumPicture, bannerPicture, hidden) values (88, '9/14/2022', 'Mante-McGlynn', 'Ven compl preg NEC-unsp', 'http://dummyimage.com/119x129.png/dddddd/000000', 'http://dummyimage.com/209x122.png/cc0000/ffffff', false);
insert into Forums (id, createdAt, name, description, forumPicture, bannerPicture, hidden) values (89, '8/7/2022', 'Adams, Hodkiewicz and Rodriguez', null, null, null, false);
insert into Forums (id, createdAt, name, description, forumPicture, bannerPicture, hidden) values (90, '3/24/2022', 'Hermann LLC', 'Congenital ectopic lens', 'http://dummyimage.com/200x162.png/cc0000/ffffff', 'http://dummyimage.com/212x218.png/5fa2dd/ffffff', true);
insert into Forums (id, createdAt, name, description, forumPicture, bannerPicture, hidden) values (91, '5/20/2022', 'Moore-Frami', 'Anemia d/t antineo chemo', 'http://dummyimage.com/109x246.png/5fa2dd/ffffff', 'http://dummyimage.com/183x197.png/cc0000/ffffff', false);
insert into Forums (id, createdAt, name, description, forumPicture, bannerPicture, hidden) values (92, '3/26/2022', 'Morissette LLC', 'Legal abort uncompl-inc', 'http://dummyimage.com/218x196.png/5fa2dd/ffffff', 'http://dummyimage.com/134x238.png/ff4444/ffffff', true);
insert into Forums (id, createdAt, name, description, forumPicture, bannerPicture, hidden) values (93, '12/18/2021', 'Murazik and Sons', 'RR acc NOS-pedestrian', 'http://dummyimage.com/222x153.png/dddddd/000000', 'http://dummyimage.com/167x114.png/cc0000/ffffff', true);
insert into Forums (id, createdAt, name, description, forumPicture, bannerPicture, hidden) values (94, '3/31/2022', 'Herzog-Larkin', 'Relapsing fever NOS', 'http://dummyimage.com/142x198.png/5fa2dd/ffffff', 'http://dummyimage.com/216x189.png/dddddd/000000', true);
insert into Forums (id, createdAt, name, description, forumPicture, bannerPicture, hidden) values (95, '5/28/2022', 'Grady and Sons', 'Reiter arthritis-hand', 'http://dummyimage.com/115x201.png/cc0000/ffffff', 'http://dummyimage.com/142x194.png/dddddd/000000', true);
insert into Forums (id, createdAt, name, description, forumPicture, bannerPicture, hidden) values (96, '4/16/2022', 'Nienow-Oberbrunner', 'Carcinoma in situ vagina', 'http://dummyimage.com/186x212.png/ff4444/ffffff', 'http://dummyimage.com/131x158.png/ff4444/ffffff', false);
insert into Forums (id, createdAt, name, description, forumPicture, bannerPicture, hidden) values (97, '1/3/2022', 'Keebler-Gorczany', 'Bacteria dis carrier NEC', 'http://dummyimage.com/141x140.png/ff4444/ffffff', 'http://dummyimage.com/250x147.png/ff4444/ffffff', false);
insert into Forums (id, createdAt, name, description, forumPicture, bannerPicture, hidden) values (98, '3/26/2022', 'Spencer Group', 'Trspl sts-perip stm cell', 'http://dummyimage.com/199x176.png/ff4444/ffffff', 'http://dummyimage.com/132x109.png/dddddd/000000', false);
insert into Forums (id, createdAt, name, description, forumPicture, bannerPicture, hidden) values (99, '4/6/2022', 'Kozey-Mann', 'Contusion of lower leg', 'http://dummyimage.com/173x213.png/dddddd/000000', 'http://dummyimage.com/215x133.png/dddddd/000000', false);
insert into Forums (id, createdAt, name, description, forumPicture, bannerPicture, hidden) values (100, '11/3/2021', 'Daniel and Sons', 'Uter tumor in preg-unsp', 'http://dummyimage.com/242x229.png/cc0000/ffffff', 'http://dummyimage.com/217x134.png/cc0000/ffffff', true);

-- POSTS --

insert into Posts (id, createdAt, lastEdited, title, body, rating, ownerId, forumId, hidden) values (1, '2021-10-31 00:00:00', '2021-11-30 08:47:32', 'Acquired stenosis of right external ear canal, unspecified', 'Acquired stenosis of right external ear canal, unspecified', '88-416-9518', 1, 1, false);
insert into Posts (id, createdAt, lastEdited, title, body, rating, ownerId, forumId, hidden) values (2, '2021-10-31 00:00:00', '2022-05-06 01:54:12', 'Puncture wound w/o foreign body of left shoulder, sequela', 'Puncture wound without foreign body of left shoulder, sequela', '20-000-3002', 2, 2, true);
insert into Posts (id, createdAt, lastEdited, title, body, rating, ownerId, forumId, hidden) values (3, '2021-10-31 00:00:00', '2021-11-04 20:21:15', 'Nondisp fx of proximal phalanx of left ring finger, init', 'Nondisplaced fracture of proximal phalanx of left ring finger, initial encounter for closed fracture', '74-396-7745', 3, 3, false);
insert into Posts (id, createdAt, lastEdited, title, body, rating, ownerId, forumId, hidden) values (4, '2021-10-31 00:00:00', '2022-05-19 15:12:03', 'Other sprain of right shoulder joint, initial encounter', 'Other sprain of right shoulder joint, initial encounter', '63-090-2440', 4, 4, true);
insert into Posts (id, createdAt, lastEdited, title, body, rating, ownerId, forumId, hidden) values (5, '2021-10-31 00:00:00', '2022-04-26 16:53:07', 'Unsp focal TBI w loss of consciousness of 31-59 min, sequela', 'Unspecified focal traumatic brain injury with loss of consciousness of 31 minutes to 59 minutes, sequela', '87-387-7762', 5, 5, false);
insert into Posts (id, createdAt, lastEdited, title, body, rating, ownerId, forumId, hidden) values (6, '2021-10-31 00:00:00', '2022-03-10 09:17:21', 'Pathological fracture, unspecified foot', 'Pathological fracture, unspecified foot', '69-036-0210', 6, 6, false);
insert into Posts (id, createdAt, lastEdited, title, body, rating, ownerId, forumId, hidden) values (7, '2021-10-31 00:00:00', '2022-06-06 09:26:46', 'Encounter for other procreative management', 'Encounter for other procreative management', '25-511-3318', 7, 7, true);
insert into Posts (id, createdAt, lastEdited, title, body, rating, ownerId, forumId, hidden) values (8, '2021-10-31 00:00:00', '2021-11-04 19:20:18', 'Toxic effect of gases, fumes and vapors, self-harm, sequela', 'Toxic effect of other specified gases, fumes and vapors, intentional self-harm, sequela', '66-771-9936', 8, 8, false);
insert into Posts (id, createdAt, lastEdited, title, body, rating, ownerId, forumId, hidden) values (9, '2021-10-31 00:00:00', '2022-05-04 01:25:18', 'Unsp injury of unsp msl/tnd at ankle and foot level', 'Unspecified injury of unspecified muscle and tendon at ankle and foot level', '58-057-3253', 9, 9, true);
insert into Posts (id, createdAt, lastEdited, title, body, rating, ownerId, forumId, hidden) values (10, '2021-10-31 00:00:00', '2022-10-05 10:58:32', 'Displaced fracture of lesser tuberosity of right humerus', 'Displaced fracture of lesser tuberosity of right humerus', '30-543-1737', 10, 10, false);
insert into Posts (id, createdAt, lastEdited, title, body, rating, ownerId, forumId, hidden) values (11, '2021-10-31 00:00:00', '2022-04-22 09:38:08', 'Unsp pedl cyclst injured in collision w hv veh in traf, init', 'Unspecified pedal cyclist injured in collision with heavy transport vehicle or bus in traffic accident, initial encounter', '14-884-1506', 11, 11, false);
insert into Posts (id, createdAt, lastEdited, title, body, rating, ownerId, forumId, hidden) values (12, '2021-10-31 00:00:00', '2022-01-16 22:30:47', 'Driver of 3-whl mv inj in clsn w nonmtr veh nontraf, subs', 'Driver of three-wheeled motor vehicle injured in collision with other nonmotor vehicle in nontraffic accident, subsequent encounter', '84-227-4533', 12, 12, false);
insert into Posts (id, createdAt, lastEdited, title, body, rating, ownerId, forumId, hidden) values (13, '2021-10-31 00:00:00', '2022-05-05 00:48:55', 'Encounter for surveillance of contraceptive pills', 'Encounter for surveillance of contraceptive pills', '36-161-1567', 13, 13, false);
insert into Posts (id, createdAt, lastEdited, title, body, rating, ownerId, forumId, hidden) values (14, '2021-10-31 00:00:00', '2022-09-26 21:08:08', 'Other contact with turkey, initial encounter', 'Other contact with turkey, initial encounter', '23-899-9300', 14, 14, true);
insert into Posts (id, createdAt, lastEdited, title, body, rating, ownerId, forumId, hidden) values (15, '2021-10-31 00:00:00', '2022-02-12 00:36:39', 'Nondisp fx of low epiphy (separation) of unsp femr, 7thK', 'Nondisplaced fracture of lower epiphysis (separation) of unspecified femur, subsequent encounter for closed fracture with nonunion', '60-644-2983', 15, 15, true);
insert into Posts (id, createdAt, lastEdited, title, body, rating, ownerId, forumId, hidden) values (16, '2021-10-31 00:00:00', '2022-03-14 22:38:37', 'Unsp inj extn musc/fasc/tend r idx fngr at forarm lv, init', 'Unspecified injury of extensor muscle, fascia and tendon of right index finger at forearm level, initial encounter', '18-569-1304', 16, 16, false);
insert into Posts (id, createdAt, lastEdited, title, body, rating, ownerId, forumId, hidden) values (17, '2021-10-31 00:00:00', '2022-01-13 17:22:52', 'Nondisp apophyseal fx r femr, 7thE', 'Nondisplaced apophyseal fracture of right femur, subsequent encounter for open fracture type I or II with routine healing', '91-914-9518', 17, 17, false);
insert into Posts (id, createdAt, lastEdited, title, body, rating, ownerId, forumId, hidden) values (18, '2021-10-31 00:00:00', '2022-02-11 13:14:32', 'Sltr-haris Type II physl fx low end l femr, 7thD', 'Salter-Harris Type II physeal fracture of lower end of left femur, subsequent encounter for fracture with routine healing', '30-026-0463', 18, 18, true);
insert into Posts (id, createdAt, lastEdited, title, body, rating, ownerId, forumId, hidden) values (19, '2021-10-31 00:00:00', '2022-02-08 17:12:31', 'Chilblains', 'Chilblains', '74-045-5580', 19, 19, false);
insert into Posts (id, createdAt, lastEdited, title, body, rating, ownerId, forumId, hidden) values (20, '2021-10-31 00:00:00', '2022-07-12 07:29:19', 'Poisn by unsp nonopi analgs/antipyr/antirheu, undet, subs', 'Poisoning by unspecified nonopioid analgesic, antipyretic and antirheumatic, undetermined, subsequent encounter', '77-968-9647', 20, 20, true);
insert into Posts (id, createdAt, lastEdited, title, body, rating, ownerId, forumId, hidden) values (21, '2021-10-31 00:00:00', '2022-07-05 23:10:54', 'Unspecified physeal fracture of phalanx of right toe, 7thD', 'Unspecified physeal fracture of phalanx of right toe, subsequent encounter for fracture with routine healing', '34-595-2283', 21, 21, true);
insert into Posts (id, createdAt, lastEdited, title, body, rating, ownerId, forumId, hidden) values (22, '2021-10-31 00:00:00', '2022-08-05 07:03:48', 'Oth injury of blood vessel of right little finger, sequela', 'Other specified injury of blood vessel of right little finger, sequela', '32-791-7179', 22, 22, false);
insert into Posts (id, createdAt, lastEdited, title, body, rating, ownerId, forumId, hidden) values (23, '2021-10-31 00:00:00', '2022-08-01 15:59:56', 'Burn due to (nonpowered) inflatable craft on fire, init', 'Burn due to (nonpowered) inflatable craft on fire, initial encounter', '33-874-3866', 23, 23, false);
insert into Posts (id, createdAt, lastEdited, title, body, rating, ownerId, forumId, hidden) values (24, '2021-10-31 00:00:00', '2022-06-17 14:53:42', 'Other fall on same level', 'Other fall on same level', '18-741-1295', 24, 24, true);
insert into Posts (id, createdAt, lastEdited, title, body, rating, ownerId, forumId, hidden) values (25, '2021-10-31 00:00:00', '2021-11-22 21:23:27', 'Hit by falling object due to accident to sailboat, sequela', 'Hit or struck by falling object due to accident to sailboat, sequela', null, 25, 25, false);
insert into Posts (id, createdAt, lastEdited, title, body, rating, ownerId, forumId, hidden) values (26, '2021-10-31 00:00:00', '2021-12-05 01:43:28', 'Mucosal cyst of postmastoidectomy cavity, left ear', 'Mucosal cyst of postmastoidectomy cavity, left ear', null, 26, 26, true);
insert into Posts (id, createdAt, lastEdited, title, body, rating, ownerId, forumId, hidden) values (27, '2021-10-31 00:00:00', '2022-08-12 16:25:54', 'Puncture wound w/o foreign body, right lower leg, sequela', 'Puncture wound without foreign body, right lower leg, sequela', '98-280-9609', 27, 27, true);
insert into Posts (id, createdAt, lastEdited, title, body, rating, ownerId, forumId, hidden) values (28, '2021-10-31 00:00:00', '2022-10-09 00:00:43', 'Lesion of medial popliteal nerve', 'Lesion of medial popliteal nerve', '29-532-0870', 28, 28, false);
insert into Posts (id, createdAt, lastEdited, title, body, rating, ownerId, forumId, hidden) values (29, '2021-10-31 00:00:00', '2022-10-10 12:43:46', 'Traumatic hemopneumothorax', 'Traumatic hemopneumothorax', '65-876-2830', 29, 29, true);
insert into Posts (id, createdAt, lastEdited, title, body, rating, ownerId, forumId, hidden) values (30, '2021-10-31 00:00:00', '2022-05-25 09:02:11', 'Unsp trochanteric fracture of unspecified femur, sequela', 'Unspecified trochanteric fracture of unspecified femur, sequela', '26-508-0425', 30, 30, true);
insert into Posts (id, createdAt, lastEdited, title, body, rating, ownerId, forumId, hidden) values (31, '2021-10-31 00:00:00', '2022-07-18 10:01:48', 'Insect bite (nonvenomous) of left wrist', 'Insect bite (nonvenomous) of left wrist', '61-595-6281', 31, 31, false);
insert into Posts (id, createdAt, lastEdited, title, body, rating, ownerId, forumId, hidden) values (32, '2021-10-31 00:00:00', '2022-10-03 17:05:58', 'Inj superficial vein at shldr/up arm, left arm, subs', 'Other specified injury of superficial vein at shoulder and upper arm level, left arm, subsequent encounter', '43-613-7350', 32, 32, false);
insert into Posts (id, createdAt, lastEdited, title, body, rating, ownerId, forumId, hidden) values (33, '2021-10-31 00:00:00', '2022-07-06 13:35:23', 'Nondisp artic fx head of l femr, 7thN', 'Nondisplaced articular fracture of head of left femur, subsequent encounter for open fracture type IIIA, IIIB, or IIIC with nonunion', '42-791-7558', 33, 33, true);
insert into Posts (id, createdAt, lastEdited, title, body, rating, ownerId, forumId, hidden) values (34, '2021-10-31 00:00:00', '2022-10-10 20:05:24', 'Injury of nerves at shldr/up arm, left arm, sequela', 'Injury of other nerves at shoulder and upper arm level, left arm, sequela', '83-726-7846', 34, 34, true);
insert into Posts (id, createdAt, lastEdited, title, body, rating, ownerId, forumId, hidden) values (35, '2021-10-31 00:00:00', '2022-05-17 23:26:53', 'Poisoning by methylphenidate, undetermined, init encntr', 'Poisoning by methylphenidate, undetermined, initial encounter', '32-280-5126', 35, 35, true);
insert into Posts (id, createdAt, lastEdited, title, body, rating, ownerId, forumId, hidden) values (36, '2021-10-31 00:00:00', '2022-09-10 10:16:46', 'Corrosion of unsp degree of right thumb (nail), sequela', 'Corrosion of unspecified degree of right thumb (nail), sequela', '48-735-9961', 36, 36, true);
insert into Posts (id, createdAt, lastEdited, title, body, rating, ownerId, forumId, hidden) values (37, '2021-10-31 00:00:00', '2022-08-01 09:51:05', 'Contusion of eyeball and orbital tissues, right eye, subs', 'Contusion of eyeball and orbital tissues, right eye, subsequent encounter', '37-318-2563', 37, 37, true);
insert into Posts (id, createdAt, lastEdited, title, body, rating, ownerId, forumId, hidden) values (38, '2021-10-31 00:00:00', '2022-06-04 11:06:00', 'Pnctr w/o foreign body of scrotum and testes, sequela', 'Puncture wound without foreign body of scrotum and testes, sequela', '18-207-9853', 38, 38, true);
insert into Posts (id, createdAt, lastEdited, title, body, rating, ownerId, forumId, hidden) values (39, '2021-10-31 00:00:00', '2022-03-31 07:28:35', 'Enteropathic arthropathies, unspecified site', 'Enteropathic arthropathies, unspecified site', '87-364-7001', 39, 39, false);
insert into Posts (id, createdAt, lastEdited, title, body, rating, ownerId, forumId, hidden) values (40, '2021-10-31 00:00:00', '2022-03-07 12:15:43', 'Histamine H2-receptor blockers', 'Poisoning by, adverse effect of and underdosing of histamine H2-receptor blockers', '66-382-1286', 40, 40, true);
insert into Posts (id, createdAt, lastEdited, title, body, rating, ownerId, forumId, hidden) values (41, '2021-10-31 00:00:00', '2022-03-25 16:48:28', 'Other fracture of shaft of radius, left arm', 'Other fracture of shaft of radius, left arm', '59-779-4130', 41, 41, true);
insert into Posts (id, createdAt, lastEdited, title, body, rating, ownerId, forumId, hidden) values (42, '2021-10-31 00:00:00', '2022-10-24 05:21:53', 'Superficial foreign body of right forearm, subs encntr', 'Superficial foreign body of right forearm, subsequent encounter', '61-195-7205', 42, 42, true);
insert into Posts (id, createdAt, lastEdited, title, body, rating, ownerId, forumId, hidden) values (43, '2021-10-31 00:00:00', '2021-11-29 21:57:16', 'Poisoning by oth antihypertn drugs, accidental', 'Poisoning by other antihypertensive drugs, accidental (unintentional)', '13-025-6579', 43, 43, false);
insert into Posts (id, createdAt, lastEdited, title, body, rating, ownerId, forumId, hidden) values (44, '2021-10-31 00:00:00', '2022-08-01 23:05:18', 'Superficial foreign body of nose, subsequent encounter', 'Superficial foreign body of nose, subsequent encounter', '86-001-9161', 44, 44, true);
insert into Posts (id, createdAt, lastEdited, title, body, rating, ownerId, forumId, hidden) values (45, '2021-10-31 00:00:00', '2022-06-20 11:08:53', 'Unsp fracture of second thoracic vertebra, init for opn fx', 'Unspecified fracture of second thoracic vertebra, initial encounter for open fracture', '10-134-4092', 45, 45, true);
insert into Posts (id, createdAt, lastEdited, title, body, rating, ownerId, forumId, hidden) values (46, '2021-10-31 00:00:00', '2022-01-06 21:21:05', 'Intermittent exophthalmos', 'Intermittent exophthalmos', '56-772-1794', 46, 46, false);
insert into Posts (id, createdAt, lastEdited, title, body, rating, ownerId, forumId, hidden) values (47, '2021-10-31 00:00:00', '2022-03-20 03:52:38', 'Calculus of bile duct w chronic cholangitis with obstruction', 'Calculus of bile duct with chronic cholangitis with obstruction', '96-390-5666', 47, 47, true);
insert into Posts (id, createdAt, lastEdited, title, body, rating, ownerId, forumId, hidden) values (48, '2021-10-31 00:00:00', '2022-09-17 10:39:16', 'Path fx in oth disease, r humerus, subs for fx w delay heal', 'Pathological fracture in other disease, right humerus, subsequent encounter for fracture with delayed healing', '71-353-5793', 48, 48, true);
insert into Posts (id, createdAt, lastEdited, title, body, rating, ownerId, forumId, hidden) values (49, '2021-10-31 00:00:00', '2022-09-04 18:03:11', 'Laceration of bladder, initial encounter', 'Laceration of bladder, initial encounter', '00-082-3073', 49, 49, false);
insert into Posts (id, createdAt, lastEdited, title, body, rating, ownerId, forumId, hidden) values (50, '2021-10-31 00:00:00', '2022-06-25 19:35:03', 'Poor aesthetic of existing restoration of tooth', 'Poor aesthetic of existing restoration of tooth', '75-679-1540', 50, 50, false);
insert into Posts (id, createdAt, lastEdited, title, body, rating, ownerId, forumId, hidden) values (51, '2021-10-31 00:00:00', '2022-06-25 12:39:55', 'Wound botulism', 'Wound botulism', '70-540-8488', 51, 51, true);
insert into Posts (id, createdAt, lastEdited, title, body, rating, ownerId, forumId, hidden) values (52, '2021-10-31 00:00:00', '2022-02-21 23:27:31', 'Malignant neoplasm of nipple and areola, unsp male breast', 'Malignant neoplasm of nipple and areola, unspecified male breast', '30-254-0873', 52, 52, true);
insert into Posts (id, createdAt, lastEdited, title, body, rating, ownerId, forumId, hidden) values (53, '2021-10-31 00:00:00', '2022-02-03 13:35:07', 'Psychological abuse, confirmed', 'Psychological abuse, confirmed', '09-309-3817', 53, 53, false);
insert into Posts (id, createdAt, lastEdited, title, body, rating, ownerId, forumId, hidden) values (54, '2021-10-31 00:00:00', '2022-02-25 18:11:13', 'Oth comp of fb acc left in body following procedure', 'Other complications of foreign body accidentally left in body following procedure', '66-192-6390', 54, 54, true);
insert into Posts (id, createdAt, lastEdited, title, body, rating, ownerId, forumId, hidden) values (55, '2021-10-31 00:00:00', '2022-08-07 00:56:02', 'Displ spiral fx shaft of l fibula, 7thQ', 'Displaced spiral fracture of shaft of left fibula, subsequent encounter for open fracture type I or II with malunion', '96-129-2288', 55, 55, true);
insert into Posts (id, createdAt, lastEdited, title, body, rating, ownerId, forumId, hidden) values (56, '2021-10-31 00:00:00', '2021-12-09 14:08:15', 'Forced landing of commrcl fix-wing arcrft inj occupant, init', 'Forced landing of commercial fixed-wing aircraft injuring occupant, initial encounter', '41-866-1703', 56, 56, true);
insert into Posts (id, createdAt, lastEdited, title, body, rating, ownerId, forumId, hidden) values (57, '2021-10-31 00:00:00', '2021-11-08 14:52:21', 'Anaphylactic reaction due to tree nuts and seeds, subs', 'Anaphylactic reaction due to tree nuts and seeds, subsequent encounter', '40-120-1605', 57, 57, false);
insert into Posts (id, createdAt, lastEdited, title, body, rating, ownerId, forumId, hidden) values (58, '2021-10-31 00:00:00', '2022-08-14 12:33:41', 'Displ bicondylar fx r tibia, 7thN', 'Displaced bicondylar fracture of right tibia, subsequent encounter for open fracture type IIIA, IIIB, or IIIC with nonunion', '90-309-3502', 58, 58, true);
insert into Posts (id, createdAt, lastEdited, title, body, rating, ownerId, forumId, hidden) values (59, '2021-10-31 00:00:00', '2022-10-12 12:42:03', 'Poisn by dental drugs, topically applied, self-harm, sequela', 'Poisoning by dental drugs, topically applied, intentional self-harm, sequela', null, 59, 59, true);
insert into Posts (id, createdAt, lastEdited, title, body, rating, ownerId, forumId, hidden) values (60, '2021-10-31 00:00:00', '2022-03-26 08:38:59', 'Superficial frostbite of neck', 'Superficial frostbite of neck', '35-707-8268', 60, 60, false);
insert into Posts (id, createdAt, lastEdited, title, body, rating, ownerId, forumId, hidden) values (61, '2021-10-31 00:00:00', '2022-09-24 06:23:51', 'Laceration of muscles and tendons at ankle and foot level', 'Laceration of other specified muscles and tendons at ankle and foot level', '34-415-4083', 61, 61, false);
insert into Posts (id, createdAt, lastEdited, title, body, rating, ownerId, forumId, hidden) values (62, '2021-10-31 00:00:00', '2022-04-25 18:25:26', 'Malignant neoplasm of lip, unspecified', 'Malignant neoplasm of lip, unspecified', '33-817-0171', 62, 62, true);
insert into Posts (id, createdAt, lastEdited, title, body, rating, ownerId, forumId, hidden) values (63, '2021-10-31 00:00:00', '2021-11-26 04:34:44', 'Arachnophobia', 'Arachnophobia', '38-327-2575', 63, 63, true);
insert into Posts (id, createdAt, lastEdited, title, body, rating, ownerId, forumId, hidden) values (64, '2021-10-31 00:00:00', '2022-01-25 16:53:07', 'Unspecified acquired deformity of left forearm', 'Unspecified acquired deformity of left forearm', '61-476-7011', 64, 64, true);
insert into Posts (id, createdAt, lastEdited, title, body, rating, ownerId, forumId, hidden) values (65, '2021-10-31 00:00:00', '2022-07-10 14:19:15', 'Unsp fracture of fifth lumbar vertebra, init for clos fx', 'Unspecified fracture of fifth lumbar vertebra, initial encounter for closed fracture', '39-796-2522', 65, 65, true);
insert into Posts (id, createdAt, lastEdited, title, body, rating, ownerId, forumId, hidden) values (66, '2021-10-31 00:00:00', '2022-04-05 19:33:15', 'Corros third degree of unsp mult fngr, not inc thumb, init', 'Corrosion of third degree of unspecified multiple fingers (nail), not including thumb, initial encounter', '37-638-5265', 66, 66, true);
insert into Posts (id, createdAt, lastEdited, title, body, rating, ownerId, forumId, hidden) values (67, '2021-10-31 00:00:00', '2022-10-26 03:29:38', 'Retinopathy of prematurity, stage 0, bilateral', 'Retinopathy of prematurity, stage 0, bilateral', '53-654-3780', 67, 67, false);
insert into Posts (id, createdAt, lastEdited, title, body, rating, ownerId, forumId, hidden) values (68, '2021-10-31 00:00:00', '2021-12-12 14:16:10', 'Dvtrcli of both small and lg int w perf and abscs w/o bleed', 'Diverticulitis of both small and large intestine with perforation and abscess without bleeding', '10-539-0277', 68, 68, false);
insert into Posts (id, createdAt, lastEdited, title, body, rating, ownerId, forumId, hidden) values (69, '2021-10-31 00:00:00', '2022-03-05 09:46:14', 'Age-related osteopor w current path fracture, l low leg', 'Age-related osteoporosis with current pathological fracture, left lower leg', '70-617-9374', 69, 69, true);
insert into Posts (id, createdAt, lastEdited, title, body, rating, ownerId, forumId, hidden) values (70, '2021-10-31 00:00:00', '2022-02-21 19:51:49', 'Displ intertroch fx l femr, 7thQ', 'Displaced intertrochanteric fracture of left femur, subsequent encounter for open fracture type I or II with malunion', '17-048-7637', 70, 70, true);
insert into Posts (id, createdAt, lastEdited, title, body, rating, ownerId, forumId, hidden) values (71, '2021-10-31 00:00:00', '2022-06-17 10:14:31', 'Ehlers-Danlos syndrome', 'Ehlers-Danlos syndrome', '24-262-4781', 71, 71, true);
insert into Posts (id, createdAt, lastEdited, title, body, rating, ownerId, forumId, hidden) values (72, '2021-10-31 00:00:00', '2022-06-27 11:41:33', 'Legal intervention involving unsp gas, suspect injured, init', 'Legal intervention involving unspecified gas, suspect injured, initial encounter', '21-660-8267', 72, 72, true);
insert into Posts (id, createdAt, lastEdited, title, body, rating, ownerId, forumId, hidden) values (73, '2021-10-31 00:00:00', '2022-08-11 13:56:41', 'Laceration of axillary or brachial vein, left side', 'Laceration of axillary or brachial vein, left side', null, 73, 73, false);
insert into Posts (id, createdAt, lastEdited, title, body, rating, ownerId, forumId, hidden) values (74, '2021-10-31 00:00:00', '2021-12-03 17:05:48', 'Oth injury of femoral vein at hip and thigh level', 'Other specified injury of femoral vein at hip and thigh level', '07-062-7481', 74, 74, true);
insert into Posts (id, createdAt, lastEdited, title, body, rating, ownerId, forumId, hidden) values (75, '2021-10-31 00:00:00', '2022-06-16 03:24:46', 'Unsp injury of unspecified Achilles tendon, init encntr', 'Unspecified injury of unspecified Achilles tendon, initial encounter', '63-187-6430', 75, 75, true);
insert into Posts (id, createdAt, lastEdited, title, body, rating, ownerId, forumId, hidden) values (76, '2021-10-31 00:00:00', '2022-06-14 00:50:20', 'Drug-induced chronic gout, right shoulder, without tophus', 'Drug-induced chronic gout, right shoulder, without tophus (tophi)', '06-999-7182', 76, 76, false);
insert into Posts (id, createdAt, lastEdited, title, body, rating, ownerId, forumId, hidden) values (77, '2021-10-31 00:00:00', '2022-02-16 19:09:54', 'Prsnl hx of TIA (TIA), and cereb infrc w/o resid deficits', 'Personal history of transient ischemic attack (TIA), and cerebral infarction without residual deficits', '24-926-3303', 77, 77, true);
insert into Posts (id, createdAt, lastEdited, title, body, rating, ownerId, forumId, hidden) values (78, '2021-10-31 00:00:00', '2022-09-20 12:47:59', 'Damage to pelvic organs fol failed attempt term of pregnancy', 'Damage to pelvic organs following failed attempted termination of pregnancy', '83-228-4182', 78, 78, true);
insert into Posts (id, createdAt, lastEdited, title, body, rating, ownerId, forumId, hidden) values (79, '2021-10-31 00:00:00', '2022-04-21 08:12:52', 'Unspecified subluxation of right middle finger, subs encntr', 'Unspecified subluxation of right middle finger, subsequent encounter', '51-644-6022', 79, 79, false);
insert into Posts (id, createdAt, lastEdited, title, body, rating, ownerId, forumId, hidden) values (80, '2021-10-31 00:00:00', '2021-11-24 06:02:06', 'Nondisp fx of proximal phalanx of right index finger, init', 'Nondisplaced fracture of proximal phalanx of right index finger, initial encounter for closed fracture', '00-800-0833', 80, 80, true);
insert into Posts (id, createdAt, lastEdited, title, body, rating, ownerId, forumId, hidden) values (81, '2021-10-31 00:00:00', '2022-06-08 16:31:12', 'Postauricular fistula, bilateral', 'Postauricular fistula, bilateral', '64-162-3157', 81, 81, true);
insert into Posts (id, createdAt, lastEdited, title, body, rating, ownerId, forumId, hidden) values (82, '2021-10-31 00:00:00', '2022-02-12 18:06:54', 'Calcific tendinitis, right ankle and foot', 'Calcific tendinitis, right ankle and foot', '23-313-7403', 82, 82, false);
insert into Posts (id, createdAt, lastEdited, title, body, rating, ownerId, forumId, hidden) values (83, '2021-10-31 00:00:00', '2022-06-16 11:45:52', 'Oth injury of musc/fasc/tend at forearm level, left arm', 'Other injury of other muscles, fascia and tendons at forearm level, left arm', '20-220-2794', 83, 83, true);
insert into Posts (id, createdAt, lastEdited, title, body, rating, ownerId, forumId, hidden) values (84, '2021-10-31 00:00:00', '2022-04-30 17:00:53', 'Hypoplasia of aorta', 'Hypoplasia of aorta', '67-365-5580', 84, 84, true);
insert into Posts (id, createdAt, lastEdited, title, body, rating, ownerId, forumId, hidden) values (85, '2021-10-31 00:00:00', '2022-08-05 06:08:26', 'Lesion of femoral nerve, left lower limb', 'Lesion of femoral nerve, left lower limb', '50-503-7263', 85, 85, true);
insert into Posts (id, createdAt, lastEdited, title, body, rating, ownerId, forumId, hidden) values (86, '2021-10-31 00:00:00', '2021-12-18 18:26:06', 'I/I react d/t implanted urinary sphincter, sequela', 'Infection and inflammatory reaction due to implanted urinary sphincter, sequela', '79-161-9975', 86, 86, true);
insert into Posts (id, createdAt, lastEdited, title, body, rating, ownerId, forumId, hidden) values (87, '2021-10-31 00:00:00', '2022-02-25 14:14:30', 'Oth traum nondisp spondylolysis of sixth cervcal vert, sqla', 'Other traumatic nondisplaced spondylolisthesis of sixth cervical vertebra, sequela', '10-474-4250', 87, 87, true);
insert into Posts (id, createdAt, lastEdited, title, body, rating, ownerId, forumId, hidden) values (88, '2021-10-31 00:00:00', '2022-08-02 11:41:45', 'Explosion on board unspecified watercraft', 'Explosion on board unspecified watercraft', '08-475-1810', 88, 88, true);
insert into Posts (id, createdAt, lastEdited, title, body, rating, ownerId, forumId, hidden) values (89, '2021-10-31 00:00:00', '2022-04-21 05:14:21', 'Localized vascularization of cornea', 'Localized vascularization of cornea', '82-641-8153', 89, 89, false);
insert into Posts (id, createdAt, lastEdited, title, body, rating, ownerId, forumId, hidden) values (90, '2021-10-31 00:00:00', '2022-06-26 05:21:44', 'Kaschin-Beck disease, right wrist', 'Kaschin-Beck disease, right wrist', '64-494-9207', 90, 90, false);
insert into Posts (id, createdAt, lastEdited, title, body, rating, ownerId, forumId, hidden) values (91, '2021-10-31 00:00:00', '2022-08-19 07:18:18', 'Oth postproc endocrine and metabolic comp and disorders', 'Other postprocedural endocrine and metabolic complications and disorders', '73-035-4370', 91, 91, false);
insert into Posts (id, createdAt, lastEdited, title, body, rating, ownerId, forumId, hidden) values (92, '2021-10-31 00:00:00', '2022-07-31 20:20:05', 'Injury of adductor muscle, fascia and tendon of thigh', 'Injury of adductor muscle, fascia and tendon of thigh', '87-088-2040', 92, 92, true);
insert into Posts (id, createdAt, lastEdited, title, body, rating, ownerId, forumId, hidden) values (93, '2021-10-31 00:00:00', '2022-10-07 19:45:44', 'Nondisp fx of right radial styloid process, init for clos fx', 'Nondisplaced fracture of right radial styloid process, initial encounter for closed fracture', '67-040-3143', 93, 93, false);
insert into Posts (id, createdAt, lastEdited, title, body, rating, ownerId, forumId, hidden) values (94, '2021-10-31 00:00:00', '2021-12-04 12:28:24', 'Burn of unsp deg mult sites of left ankle and foot, sequela', 'Burn of unspecified degree of multiple sites of left ankle and foot, sequela', '93-455-1783', 94, 94, true);
insert into Posts (id, createdAt, lastEdited, title, body, rating, ownerId, forumId, hidden) values (95, '2021-10-31 00:00:00', '2022-01-13 11:58:57', 'Balloon explosion injuring occupant', 'Balloon explosion injuring occupant', '77-146-2383', 95, 95, true);
insert into Posts (id, createdAt, lastEdited, title, body, rating, ownerId, forumId, hidden) values (96, '2021-10-31 00:00:00', '2022-06-03 08:41:45', 'Crushing injury of right hand, initial encounter', 'Crushing injury of right hand, initial encounter', '58-686-4317', 96, 96, true);
insert into Posts (id, createdAt, lastEdited, title, body, rating, ownerId, forumId, hidden) values (97, '2021-10-31 00:00:00', '2022-07-07 01:25:27', 'Nondisp osteochon fx unsp patella, 7thM', 'Nondisplaced osteochondral fracture of unspecified patella, subsequent encounter for open fracture type I or II with nonunion', '24-658-0563', 97, 97, true);
insert into Posts (id, createdAt, lastEdited, title, body, rating, ownerId, forumId, hidden) values (98, '2021-10-31 00:00:00', '2022-09-15 03:49:23', 'Other neurological complications of rubella', 'Other neurological complications of rubella', '50-425-8251', 98, 98, true);
insert into Posts (id, createdAt, lastEdited, title, body, rating, ownerId, forumId, hidden) values (99, '2021-10-31 00:00:00', '2022-10-23 02:13:32', 'Oth unil secondary osteoarth of first carpometacarp joint', 'Other unilateral secondary osteoarthritis of first carpometacarpal joint', '46-500-8623', 99, 99, true);
insert into Posts (id, createdAt, lastEdited, title, body, rating, ownerId, forumId, hidden) values (100, '2021-10-31 00:00:00', '2021-11-09 18:15:21', 'Blister (nonthermal) of right shoulder', 'Blister (nonthermal) of right shoulder', '52-883-9474', 100, 100, false);

-- COMMENTS --

insert into Comments (id, createdAt, lastEdited, body, rating, ownerId, forumId, hidden) values (1, '2021-10-31 00:00:00', '2022-09-12 20:08:37', 'Coma scale, best verbal response, confused conversation, at arrival to emergency department', '70-427-6566', 1, 1, false);
insert into Comments (id, createdAt, lastEdited, body, rating, ownerId, forumId, hidden) values (2, '2021-10-31 00:00:00', '2022-04-16 17:52:48', 'Full incontinence of feces', '46-034-7782', 2, 2, true);
insert into Comments (id, createdAt, lastEdited, body, rating, ownerId, forumId, hidden) values (3, '2021-10-31 00:00:00', '2022-02-22 03:58:11', 'Toxic effect of aflatoxin, assault, subsequent encounter', '54-482-7535', 3, 3, false);
insert into Comments (id, createdAt, lastEdited, body, rating, ownerId, forumId, hidden) values (4, '2021-10-31 00:00:00', '2022-10-10 11:28:48', 'Unspecified jaundice', null, 4, 4, false);
insert into Comments (id, createdAt, lastEdited, body, rating, ownerId, forumId, hidden) values (5, '2021-10-31 00:00:00', '2022-01-07 12:45:34', 'ST elevation (STEMI) myocardial infarction involving other coronary artery of anterior wall', '22-959-9625', 5, 5, true);
insert into Comments (id, createdAt, lastEdited, body, rating, ownerId, forumId, hidden) values (6, '2021-10-31 00:00:00', '2021-12-16 09:20:08', 'Unspecified occupant of heavy transport vehicle injured in collision with unspecified motor vehicles in nontraffic accident, sequela', '47-280-2415', 6, 6, false);
insert into Comments (id, createdAt, lastEdited, body, rating, ownerId, forumId, hidden) values (7, '2021-10-31 00:00:00', '2022-08-25 22:41:34', 'Thrombosis of cardiac and vascular prosthetic devices, implants and grafts', '60-552-4081', 7, 7, false);
insert into Comments (id, createdAt, lastEdited, body, rating, ownerId, forumId, hidden) values (8, '2021-10-31 00:00:00', '2022-07-08 14:02:42', 'Vernal keratoconjunctivitis, with limbar and corneal involvement, unspecified eye', null, 8, 8, true);
insert into Comments (id, createdAt, lastEdited, body, rating, ownerId, forumId, hidden) values (9, '2021-10-31 00:00:00', '2022-08-20 12:07:13', 'Injury of other extensor muscle, fascia and tendon at forearm level', '05-656-8680', 9, 9, true);
insert into Comments (id, createdAt, lastEdited, body, rating, ownerId, forumId, hidden) values (10, '2021-10-31 00:00:00', '2022-09-03 09:57:08', 'Osteochondropathy, unspecified of hand', '15-911-8558', 10, 10, false);
insert into Comments (id, createdAt, lastEdited, body, rating, ownerId, forumId, hidden) values (11, '2021-10-31 00:00:00', '2022-07-18 02:28:41', 'Laceration of unspecified muscle, fascia and tendon at shoulder and upper arm level, right arm, subsequent encounter', '50-597-8787', 11, 11, false);
insert into Comments (id, createdAt, lastEdited, body, rating, ownerId, forumId, hidden) values (12, '2021-10-31 00:00:00', '2021-12-03 15:24:33', 'Other traumatic spondylolisthesis of second cervical vertebra', '34-798-0519', 12, 12, false);
insert into Comments (id, createdAt, lastEdited, body, rating, ownerId, forumId, hidden) values (13, '2021-10-31 00:00:00', '2021-11-01 13:38:50', 'Laceration with foreign body of unspecified forearm, subsequent encounter', '82-737-3817', 13, 13, false);
insert into Comments (id, createdAt, lastEdited, body, rating, ownerId, forumId, hidden) values (14, '2021-10-31 00:00:00', '2022-10-25 10:32:39', 'Unspecified injury of superficial palmar arch of left hand, initial encounter', '50-834-9347', 14, 14, true);
insert into Comments (id, createdAt, lastEdited, body, rating, ownerId, forumId, hidden) values (15, '2021-10-31 00:00:00', '2022-04-28 00:31:54', 'Injury of conjunctiva and corneal abrasion without foreign body', '29-183-5190', 15, 15, false);
insert into Comments (id, createdAt, lastEdited, body, rating, ownerId, forumId, hidden) values (16, '2021-10-31 00:00:00', '2022-04-02 09:02:04', 'Unspecified injury of thoracic aorta, initial encounter', '71-863-6468', 16, 16, true);
insert into Comments (id, createdAt, lastEdited, body, rating, ownerId, forumId, hidden) values (17, '2021-10-31 00:00:00', '2022-04-28 20:59:44', 'Nondisplaced spiral fracture of shaft of ulna, unspecified arm, subsequent encounter for open fracture type I or II with malunion', '93-434-4541', 17, 17, false);
insert into Comments (id, createdAt, lastEdited, body, rating, ownerId, forumId, hidden) values (18, '2021-10-31 00:00:00', '2022-04-07 14:51:30', 'Heat fatigue, transient, initial encounter', '31-403-2506', 18, 18, true);
insert into Comments (id, createdAt, lastEdited, body, rating, ownerId, forumId, hidden) values (19, '2021-10-31 00:00:00', '2021-11-04 18:09:50', 'Delirium due to known physiological condition', '26-696-8950', 19, 19, true);
insert into Comments (id, createdAt, lastEdited, body, rating, ownerId, forumId, hidden) values (20, '2021-10-31 00:00:00', '2021-11-18 13:45:44', 'Other injury of muscle(s) and tendon(s) of the rotator cuff of right shoulder, sequela', '18-624-3920', 20, 20, true);
insert into Comments (id, createdAt, lastEdited, body, rating, ownerId, forumId, hidden) values (21, '2021-10-31 00:00:00', '2022-06-30 14:35:32', 'Displaced oblique fracture of shaft of unspecified fibula, initial encounter for closed fracture', '51-909-7912', 21, 21, true);
insert into Comments (id, createdAt, lastEdited, body, rating, ownerId, forumId, hidden) values (22, '2021-10-31 00:00:00', '2021-11-08 20:27:32', 'Sprain of interphalangeal joint of unspecified thumb, subsequent encounter', '20-613-3237', 22, 22, true);
insert into Comments (id, createdAt, lastEdited, body, rating, ownerId, forumId, hidden) values (23, '2021-10-31 00:00:00', '2022-10-18 12:17:03', 'Prolymphocytic leukemia of B-cell type', '19-492-7676', 23, 23, true);
insert into Comments (id, createdAt, lastEdited, body, rating, ownerId, forumId, hidden) values (24, '2021-10-31 00:00:00', '2022-06-22 19:55:13', 'Unspecified injury of intrinsic muscle, fascia and tendon of thumb at wrist and hand level', '01-218-0033', 24, 24, false);
insert into Comments (id, createdAt, lastEdited, body, rating, ownerId, forumId, hidden) values (25, '2021-10-31 00:00:00', '2022-05-08 18:24:30', 'Puncture wound without foreign body of foot', '63-815-0443', 25, 25, true);
insert into Comments (id, createdAt, lastEdited, body, rating, ownerId, forumId, hidden) values (26, '2021-10-31 00:00:00', '2022-10-20 10:58:02', 'Nondisplaced fracture of shaft of first metacarpal bone, left hand, initial encounter for open fracture', '85-804-4438', 26, 26, false);
insert into Comments (id, createdAt, lastEdited, body, rating, ownerId, forumId, hidden) values (27, '2021-10-31 00:00:00', '2022-09-22 00:21:58', 'Laceration of other specified muscles and tendons at ankle and foot level, right foot, sequela', '49-892-3138', 27, 27, true);
insert into Comments (id, createdAt, lastEdited, body, rating, ownerId, forumId, hidden) values (28, '2021-10-31 00:00:00', '2022-07-20 18:41:58', 'Large plaque parapsoriasis', '00-828-6061', 28, 28, false);
insert into Comments (id, createdAt, lastEdited, body, rating, ownerId, forumId, hidden) values (29, '2021-10-31 00:00:00', '2021-11-15 14:14:04', 'Infection and inflammatory reaction due to internal fixation device of spine, sequela', '53-265-5500', 29, 29, false);
insert into Comments (id, createdAt, lastEdited, body, rating, ownerId, forumId, hidden) values (30, '2021-10-31 00:00:00', '2022-10-28 18:24:52', 'Unspecified superficial injury of scrotum and testes, subsequent encounter', '92-596-3990', 30, 30, true);
insert into Comments (id, createdAt, lastEdited, body, rating, ownerId, forumId, hidden) values (31, '2021-10-31 00:00:00', '2022-05-30 00:26:45', 'Poisoning by unspecified drugs, medicaments and biological substances, assault, initial encounter', '15-244-1983', 31, 31, false);
insert into Comments (id, createdAt, lastEdited, body, rating, ownerId, forumId, hidden) values (32, '2021-10-31 00:00:00', '2022-06-12 10:37:54', 'Respiratory arrest', null, 32, 32, false);
insert into Comments (id, createdAt, lastEdited, body, rating, ownerId, forumId, hidden) values (33, '2021-10-31 00:00:00', '2022-06-08 07:14:02', 'Granuloma and granuloma-like lesions of oral mucosa', '54-892-4242', 33, 33, false);
insert into Comments (id, createdAt, lastEdited, body, rating, ownerId, forumId, hidden) values (34, '2021-10-31 00:00:00', '2022-04-11 04:16:42', 'Nondisplaced bimalleolar fracture of unspecified lower leg, subsequent encounter for closed fracture with malunion', '75-807-6511', 34, 34, false);
insert into Comments (id, createdAt, lastEdited, body, rating, ownerId, forumId, hidden) values (35, '2021-10-31 00:00:00', '2022-06-19 07:13:21', 'Nondisplaced fracture of sternal end of unspecified clavicle', '31-417-5023', 35, 35, false);
insert into Comments (id, createdAt, lastEdited, body, rating, ownerId, forumId, hidden) values (36, '2021-10-31 00:00:00', '2022-01-06 15:01:11', 'Torsion of right fallopian tube', '97-729-9368', 36, 36, false);
insert into Comments (id, createdAt, lastEdited, body, rating, ownerId, forumId, hidden) values (37, '2021-10-31 00:00:00', '2022-03-19 08:04:22', 'Appendicular concretions', '49-263-3634', 37, 37, false);
insert into Comments (id, createdAt, lastEdited, body, rating, ownerId, forumId, hidden) values (38, '2021-10-31 00:00:00', '2021-12-07 05:19:20', 'Displaced fracture of neck of other metacarpal bone, subsequent encounter for fracture with delayed healing', null, 38, 38, false);
insert into Comments (id, createdAt, lastEdited, body, rating, ownerId, forumId, hidden) values (39, '2021-10-31 00:00:00', '2021-12-11 11:12:27', 'Injury of cutaneous sensory nerve at ankle and foot level, left leg, initial encounter', '66-784-6529', 39, 39, false);
insert into Comments (id, createdAt, lastEdited, body, rating, ownerId, forumId, hidden) values (40, '2021-10-31 00:00:00', '2022-04-09 02:57:21', 'Continuing pregnancy after elective fetal reduction of one fetus or more, unspecified trimester', '20-025-6821', 40, 40, false);
insert into Comments (id, createdAt, lastEdited, body, rating, ownerId, forumId, hidden) values (41, '2021-10-31 00:00:00', '2022-06-30 08:07:20', 'Filamentary keratitis, bilateral', '13-674-2363', 41, 41, true);
insert into Comments (id, createdAt, lastEdited, body, rating, ownerId, forumId, hidden) values (42, '2021-10-31 00:00:00', '2022-05-20 07:46:13', 'War operations involving explosion of improvised explosive device [IED], military personnel', '09-024-6025', 42, 42, false);
insert into Comments (id, createdAt, lastEdited, body, rating, ownerId, forumId, hidden) values (43, '2021-10-31 00:00:00', '2022-06-27 04:10:56', 'Displacement of internal fixation device of vertebrae, initial encounter', '24-419-0270', 43, 43, true);
insert into Comments (id, createdAt, lastEdited, body, rating, ownerId, forumId, hidden) values (44, '2021-10-31 00:00:00', '2022-05-14 19:31:13', 'Bronchopulmonary dysplasia originating in the perinatal period', '90-602-5195', 44, 44, true);
insert into Comments (id, createdAt, lastEdited, body, rating, ownerId, forumId, hidden) values (45, '2021-10-31 00:00:00', '2022-02-21 01:46:07', 'Poisoning by other synthetic narcotics, undetermined, initial encounter', '42-492-9393', 45, 45, false);
insert into Comments (id, createdAt, lastEdited, body, rating, ownerId, forumId, hidden) values (46, '2021-10-31 00:00:00', '2022-10-18 13:44:50', 'Unspecified corneal neovascularization, bilateral', '71-485-5292', 46, 46, true);
insert into Comments (id, createdAt, lastEdited, body, rating, ownerId, forumId, hidden) values (47, '2021-10-31 00:00:00', '2022-09-22 09:08:48', 'Opioid dependence with intoxication, unspecified', '92-995-5206', 47, 47, false);
insert into Comments (id, createdAt, lastEdited, body, rating, ownerId, forumId, hidden) values (48, '2021-10-31 00:00:00', '2022-02-14 04:56:13', 'Corrosion of third degree of left hand, unspecified site, sequela', '97-338-4290', 48, 48, false);
insert into Comments (id, createdAt, lastEdited, body, rating, ownerId, forumId, hidden) values (49, '2021-10-31 00:00:00', '2022-06-21 23:17:46', 'Other cyst of bone, left hand', '35-661-9817', 49, 49, true);
insert into Comments (id, createdAt, lastEdited, body, rating, ownerId, forumId, hidden) values (50, '2021-10-31 00:00:00', '2022-03-26 18:59:31', 'Puncture wound with foreign body of anus', '53-351-8422', 50, 50, true);
insert into Comments (id, createdAt, lastEdited, body, rating, ownerId, forumId, hidden) values (51, '2021-10-31 00:00:00', '2022-10-28 14:51:41', 'Blister (nonthermal) of throat, sequela', null, 51, 51, false);
insert into Comments (id, createdAt, lastEdited, body, rating, ownerId, forumId, hidden) values (52, '2021-10-31 00:00:00', '2021-11-09 07:04:37', 'Other specified types of non-Hodgkin lymphoma, spleen', '69-824-5002', 52, 52, false);
insert into Comments (id, createdAt, lastEdited, body, rating, ownerId, forumId, hidden) values (53, '2021-10-31 00:00:00', '2022-02-22 01:33:36', 'Vascular syndromes of brain in cerebrovascular diseases', '99-193-1198', 53, 53, true);
insert into Comments (id, createdAt, lastEdited, body, rating, ownerId, forumId, hidden) values (54, '2021-10-31 00:00:00', '2022-09-29 19:24:19', 'Struck by hockey stick or puck', '47-123-2547', 54, 54, true);
insert into Comments (id, createdAt, lastEdited, body, rating, ownerId, forumId, hidden) values (55, '2021-10-31 00:00:00', '2021-11-20 01:04:05', 'Rupture of uterus before onset of labor, second trimester', '04-975-3359', 55, 55, true);
insert into Comments (id, createdAt, lastEdited, body, rating, ownerId, forumId, hidden) values (56, '2021-10-31 00:00:00', '2022-07-24 13:18:35', 'Labor and delivery complicated by other cord complications, not applicable or unspecified', '64-217-2218', 56, 56, true);
insert into Comments (id, createdAt, lastEdited, body, rating, ownerId, forumId, hidden) values (57, '2021-10-31 00:00:00', '2022-03-22 21:25:59', 'Symblepharon, right eye', '84-000-8009', 57, 57, true);
insert into Comments (id, createdAt, lastEdited, body, rating, ownerId, forumId, hidden) values (58, '2021-10-31 00:00:00', '2022-09-24 01:35:11', 'Pupillary abnormality, right eye', '97-237-8478', 58, 58, true);
insert into Comments (id, createdAt, lastEdited, body, rating, ownerId, forumId, hidden) values (59, '2021-10-31 00:00:00', '2022-10-07 23:24:28', 'Other specified crystal arthropathies, knee', '77-898-1319', 59, 59, false);
insert into Comments (id, createdAt, lastEdited, body, rating, ownerId, forumId, hidden) values (60, '2021-10-31 00:00:00', '2022-10-19 08:19:09', 'Toxic effect of ingested berries, accidental (unintentional), subsequent encounter', '02-841-1009', 60, 60, true);
insert into Comments (id, createdAt, lastEdited, body, rating, ownerId, forumId, hidden) values (61, '2021-10-31 00:00:00', '2022-07-10 15:22:31', 'Neoplasm of uncertain behavior of unspecified endocrine gland', '54-878-7811', 61, 61, false);
insert into Comments (id, createdAt, lastEdited, body, rating, ownerId, forumId, hidden) values (62, '2021-10-31 00:00:00', '2021-12-26 06:55:21', 'Continuing pregnancy after elective fetal reduction of one fetus or more, second trimester, fetus 5', '15-764-0378', 62, 62, true);
insert into Comments (id, createdAt, lastEdited, body, rating, ownerId, forumId, hidden) values (63, '2021-10-31 00:00:00', '2022-08-06 14:52:15', 'Corrosion of third degree of multiple sites of left ankle and foot, sequela', '46-822-8921', 63, 63, false);
insert into Comments (id, createdAt, lastEdited, body, rating, ownerId, forumId, hidden) values (64, '2021-10-31 00:00:00', '2021-11-14 21:40:49', 'Displaced fracture of base of neck of left femur, subsequent encounter for open fracture type I or II with routine healing', '50-918-7705', 64, 64, true);
insert into Comments (id, createdAt, lastEdited, body, rating, ownerId, forumId, hidden) values (65, '2021-10-31 00:00:00', '2022-02-08 09:13:47', 'Toxic effect of chromium and its compounds, accidental (unintentional), sequela', '52-977-5488', 65, 65, false);
insert into Comments (id, createdAt, lastEdited, body, rating, ownerId, forumId, hidden) values (66, '2021-10-31 00:00:00', '2022-08-28 02:18:57', 'Driver of heavy transport vehicle injured in collision with pedal cycle in traffic accident, subsequent encounter', '04-429-5918', 66, 66, false);
insert into Comments (id, createdAt, lastEdited, body, rating, ownerId, forumId, hidden) values (67, '2021-10-31 00:00:00', '2022-07-15 06:30:52', 'Displaced fracture of body of left calcaneus, sequela', '58-010-4445', 67, 67, true);
insert into Comments (id, createdAt, lastEdited, body, rating, ownerId, forumId, hidden) values (68, '2021-10-31 00:00:00', '2022-01-18 06:21:11', 'Displaced fracture of medial phalanx of left little finger, subsequent encounter for fracture with malunion', '84-292-2352', 68, 68, true);
insert into Comments (id, createdAt, lastEdited, body, rating, ownerId, forumId, hidden) values (69, '2021-10-31 00:00:00', '2022-04-15 18:47:09', 'Laceration without foreign body of other specified part of neck', '66-427-4257', 69, 69, false);
insert into Comments (id, createdAt, lastEdited, body, rating, ownerId, forumId, hidden) values (70, '2021-10-31 00:00:00', '2022-04-18 02:33:55', 'Disorder of iron metabolism, unspecified', '48-460-2939', 70, 70, true);
insert into Comments (id, createdAt, lastEdited, body, rating, ownerId, forumId, hidden) values (71, '2021-10-31 00:00:00', '2022-09-22 23:14:35', 'Poisoning by local antifungal, anti-infective and anti-inflammatory drugs, intentional self-harm, sequela', '12-781-3445', 71, 71, false);
insert into Comments (id, createdAt, lastEdited, body, rating, ownerId, forumId, hidden) values (72, '2021-10-31 00:00:00', '2022-03-09 14:59:30', 'Rheumatoid bursitis, right shoulder', '80-964-8317', 72, 72, true);
insert into Comments (id, createdAt, lastEdited, body, rating, ownerId, forumId, hidden) values (73, '2021-10-31 00:00:00', '2022-08-27 15:06:16', 'Presence of unspecified artificial elbow joint', '03-122-4457', 73, 73, false);
insert into Comments (id, createdAt, lastEdited, body, rating, ownerId, forumId, hidden) values (74, '2021-10-31 00:00:00', '2022-06-10 08:12:39', 'Displaced spiral fracture of shaft of left tibia, subsequent encounter for closed fracture with delayed healing', '23-226-6485', 74, 74, true);
insert into Comments (id, createdAt, lastEdited, body, rating, ownerId, forumId, hidden) values (75, '2021-10-31 00:00:00', '2022-01-04 08:12:35', 'Diverticulum of esophagus, acquired', '09-107-9661', 75, 75, false);
insert into Comments (id, createdAt, lastEdited, body, rating, ownerId, forumId, hidden) values (76, '2021-10-31 00:00:00', '2022-05-18 22:29:38', 'Contusion of unspecified upper arm', '98-682-3039', 76, 76, false);
insert into Comments (id, createdAt, lastEdited, body, rating, ownerId, forumId, hidden) values (77, '2021-10-31 00:00:00', '2022-05-29 21:48:21', 'Poisoning by skeletal muscle relaxants [neuromuscular blocking agents], accidental (unintentional), initial encounter', '93-233-9051', 77, 77, true);
insert into Comments (id, createdAt, lastEdited, body, rating, ownerId, forumId, hidden) values (78, '2021-10-31 00:00:00', '2021-12-27 12:55:07', 'Poisoning by diagnostic agents, assault, initial encounter', '57-758-4266', 78, 78, true);
insert into Comments (id, createdAt, lastEdited, body, rating, ownerId, forumId, hidden) values (79, '2021-10-31 00:00:00', '2022-01-30 19:46:45', 'Cicatricial ectropion of left upper eyelid', '17-027-8455', 79, 79, true);
insert into Comments (id, createdAt, lastEdited, body, rating, ownerId, forumId, hidden) values (80, '2021-10-31 00:00:00', '2022-03-16 16:19:38', 'Open bite of unspecified front wall of thorax with penetration into thoracic cavity, sequela', '69-666-3910', 80, 80, true);
insert into Comments (id, createdAt, lastEdited, body, rating, ownerId, forumId, hidden) values (81, '2021-10-31 00:00:00', '2022-07-05 00:32:04', 'Motorcycle driver injured in noncollision transport accident in nontraffic accident, initial encounter', '13-637-6462', 81, 81, true);
insert into Comments (id, createdAt, lastEdited, body, rating, ownerId, forumId, hidden) values (82, '2021-10-31 00:00:00', '2022-09-22 12:11:18', 'Genetic susceptibility to malignant neoplasm of prostate', '08-581-0263', 82, 82, false);
insert into Comments (id, createdAt, lastEdited, body, rating, ownerId, forumId, hidden) values (83, '2021-10-31 00:00:00', '2022-05-05 09:08:04', 'Wedge compression fracture of third thoracic vertebra, subsequent encounter for fracture with nonunion', '14-401-6605', 83, 83, true);
insert into Comments (id, createdAt, lastEdited, body, rating, ownerId, forumId, hidden) values (84, '2021-10-31 00:00:00', '2022-03-04 21:32:04', 'Postinfectious acute necrotizing hemorrhagic encephalopathy', null, 84, 84, true);
insert into Comments (id, createdAt, lastEdited, body, rating, ownerId, forumId, hidden) values (85, '2021-10-31 00:00:00', '2022-09-27 02:15:21', 'Struck by nonvenomous snake, initial encounter', '19-596-5619', 85, 85, true);
insert into Comments (id, createdAt, lastEdited, body, rating, ownerId, forumId, hidden) values (86, '2021-10-31 00:00:00', '2022-10-28 13:33:24', 'Partial traumatic amputation of left midfoot, initial encounter', '28-624-4949', 86, 86, false);
insert into Comments (id, createdAt, lastEdited, body, rating, ownerId, forumId, hidden) values (87, '2021-10-31 00:00:00', '2022-01-22 20:40:27', 'Other specified injury of other specified muscles and tendons at ankle and foot level, unspecified foot, subsequent encounter', '35-153-4251', 87, 87, true);
insert into Comments (id, createdAt, lastEdited, body, rating, ownerId, forumId, hidden) values (88, '2021-10-31 00:00:00', '2021-12-05 20:45:28', 'Continuing pregnancy after intrauterine death of one fetus or more, third trimester, other fetus', '11-906-3880', 88, 88, false);
insert into Comments (id, createdAt, lastEdited, body, rating, ownerId, forumId, hidden) values (89, '2021-10-31 00:00:00', '2022-01-25 06:06:53', 'Infections of bladder in pregnancy, unspecified trimester', '80-018-4080', 89, 89, false);
insert into Comments (id, createdAt, lastEdited, body, rating, ownerId, forumId, hidden) values (90, '2021-10-31 00:00:00', '2022-03-30 05:46:23', 'Unspecified superficial injury of knee and lower leg', null, 90, 90, false);
insert into Comments (id, createdAt, lastEdited, body, rating, ownerId, forumId, hidden) values (91, '2021-10-31 00:00:00', '2022-01-18 06:51:51', 'Laceration of ascending [right] colon, sequela', '46-478-5900', 91, 91, true);
insert into Comments (id, createdAt, lastEdited, body, rating, ownerId, forumId, hidden) values (92, '2021-10-31 00:00:00', '2022-03-27 03:58:31', 'Other scleritis, left eye', '55-325-3427', 92, 92, true);
insert into Comments (id, createdAt, lastEdited, body, rating, ownerId, forumId, hidden) values (93, '2021-10-31 00:00:00', '2021-12-03 12:54:16', 'Presence of fully implantable artificial heart', '12-147-8876', 93, 93, true);
insert into Comments (id, createdAt, lastEdited, body, rating, ownerId, forumId, hidden) values (94, '2021-10-31 00:00:00', '2022-02-21 07:12:58', 'Air embolism following infusion, transfusion and therapeutic injection, initial encounter', '33-245-0262', 94, 94, true);
insert into Comments (id, createdAt, lastEdited, body, rating, ownerId, forumId, hidden) values (95, '2021-10-31 00:00:00', '2022-04-12 14:36:50', 'Unspecified chorioretinal inflammation, bilateral', '51-365-6601', 95, 95, false);
insert into Comments (id, createdAt, lastEdited, body, rating, ownerId, forumId, hidden) values (96, '2021-10-31 00:00:00', '2022-07-08 11:31:49', 'Other mechanical complication of prosthetic orbit of right eye', '07-585-5832', 96, 96, true);
insert into Comments (id, createdAt, lastEdited, body, rating, ownerId, forumId, hidden) values (97, '2021-10-31 00:00:00', '2022-07-28 09:15:38', 'Nondisplaced fracture of neck of right radius, subsequent encounter for open fracture type IIIA, IIIB, or IIIC with nonunion', null, 97, 97, false);
insert into Comments (id, createdAt, lastEdited, body, rating, ownerId, forumId, hidden) values (98, '2021-10-31 00:00:00', '2022-07-26 20:11:52', 'Malignant neoplasm of vertebral column', '00-728-2459', 98, 98, false);
insert into Comments (id, createdAt, lastEdited, body, rating, ownerId, forumId, hidden) values (99, '2021-10-31 00:00:00', '2022-02-27 13:35:17', 'Displaced fracture of medial phalanx of right lesser toe(s), initial encounter for closed fracture', '60-236-8325', 99, 99, false);
insert into Comments (id, createdAt, lastEdited, body, rating, ownerId, forumId, hidden) values (100, '2021-10-31 00:00:00', '2022-01-26 05:31:27', 'Hyperparathyroidism and other disorders of parathyroid gland', null, 100, 100, true);

-- RATINGS --
insert into Ratings (ownerId, ratedPost, ratedComment, type) values (1, null, null, 'Suzuki');
insert into Ratings (ownerId, ratedPost, ratedComment, type) values (2, 2, 2, 'Mercedes-Benz');
insert into Ratings (ownerId, ratedPost, ratedComment, type) values (3, 3, 3, 'Dodge');
insert into Ratings (ownerId, ratedPost, ratedComment, type) values (4, 4, 4, 'Mitsubishi');
insert into Ratings (ownerId, ratedPost, ratedComment, type) values (5, null, null, 'Acura');
insert into Ratings (ownerId, ratedPost, ratedComment, type) values (6, 6, 6, 'Nissan');
insert into Ratings (ownerId, ratedPost, ratedComment, type) values (7, 7, 7, 'Chevrolet');
insert into Ratings (ownerId, ratedPost, ratedComment, type) values (8, 8, 8, 'Hyundai');
insert into Ratings (ownerId, ratedPost, ratedComment, type) values (9, 9, 9, 'Cadillac');
insert into Ratings (ownerId, ratedPost, ratedComment, type) values (10, null, null, 'Mazda');
insert into Ratings (ownerId, ratedPost, ratedComment, type) values (11, null, null, 'Mercedes-Benz');
insert into Ratings (ownerId, ratedPost, ratedComment, type) values (12, 12, 12, 'Subaru');
insert into Ratings (ownerId, ratedPost, ratedComment, type) values (13, 13, 13, 'Jaguar');
insert into Ratings (ownerId, ratedPost, ratedComment, type) values (14, null, null, 'Jaguar');
insert into Ratings (ownerId, ratedPost, ratedComment, type) values (15, 15, 15, 'Chrysler');
insert into Ratings (ownerId, ratedPost, ratedComment, type) values (16, null, null, 'Nissan');
insert into Ratings (ownerId, ratedPost, ratedComment, type) values (17, 17, 17, 'Buick');
insert into Ratings (ownerId, ratedPost, ratedComment, type) values (18, 18, 18, 'Pontiac');
insert into Ratings (ownerId, ratedPost, ratedComment, type) values (19, null, null, 'Lincoln');
insert into Ratings (ownerId, ratedPost, ratedComment, type) values (20, 20, 20, 'Volkswagen');
insert into Ratings (ownerId, ratedPost, ratedComment, type) values (21, null, null, 'Volkswagen');
insert into Ratings (ownerId, ratedPost, ratedComment, type) values (22, null, null, 'Volkswagen');
insert into Ratings (ownerId, ratedPost, ratedComment, type) values (23, null, null, 'Chevrolet');
insert into Ratings (ownerId, ratedPost, ratedComment, type) values (24, null, null, 'Chevrolet');
insert into Ratings (ownerId, ratedPost, ratedComment, type) values (25, 25, 25, 'Cadillac');
insert into Ratings (ownerId, ratedPost, ratedComment, type) values (26, null, null, 'Jeep');
insert into Ratings (ownerId, ratedPost, ratedComment, type) values (27, 27, 27, 'Volvo');
insert into Ratings (ownerId, ratedPost, ratedComment, type) values (28, 28, 28, 'Nissan');
insert into Ratings (ownerId, ratedPost, ratedComment, type) values (29, null, null, 'Porsche');
insert into Ratings (ownerId, ratedPost, ratedComment, type) values (30, 30, 30, 'BMW');
insert into Ratings (ownerId, ratedPost, ratedComment, type) values (31, null, null, 'Buick');
insert into Ratings (ownerId, ratedPost, ratedComment, type) values (32, 32, 32, 'Subaru');
insert into Ratings (ownerId, ratedPost, ratedComment, type) values (33, null, null, 'Hyundai');
insert into Ratings (ownerId, ratedPost, ratedComment, type) values (34, 34, 34, 'Saturn');
insert into Ratings (ownerId, ratedPost, ratedComment, type) values (35, null, null, 'Pontiac');
insert into Ratings (ownerId, ratedPost, ratedComment, type) values (36, 36, 36, 'Suzuki');
insert into Ratings (ownerId, ratedPost, ratedComment, type) values (37, 37, 37, 'Toyota');
insert into Ratings (ownerId, ratedPost, ratedComment, type) values (38, 38, 38, 'Bentley');
insert into Ratings (ownerId, ratedPost, ratedComment, type) values (39, 39, 39, 'Buick');
insert into Ratings (ownerId, ratedPost, ratedComment, type) values (40, null, null, 'Honda');
insert into Ratings (ownerId, ratedPost, ratedComment, type) values (41, 41, 41, 'Suzuki');
insert into Ratings (ownerId, ratedPost, ratedComment, type) values (42, null, null, 'Toyota');
insert into Ratings (ownerId, ratedPost, ratedComment, type) values (43, 43, 43, 'Pontiac');
insert into Ratings (ownerId, ratedPost, ratedComment, type) values (44, null, null, 'Bentley');
insert into Ratings (ownerId, ratedPost, ratedComment, type) values (45, 45, 45, 'Mitsubishi');
insert into Ratings (ownerId, ratedPost, ratedComment, type) values (46, null, null, 'Jeep');
insert into Ratings (ownerId, ratedPost, ratedComment, type) values (47, null, null, 'Suzuki');
insert into Ratings (ownerId, ratedPost, ratedComment, type) values (48, 48, 48, 'Toyota');
insert into Ratings (ownerId, ratedPost, ratedComment, type) values (49, 49, 49, 'Dodge');
insert into Ratings (ownerId, ratedPost, ratedComment, type) values (50, null, null, 'Acura');
insert into Ratings (ownerId, ratedPost, ratedComment, type) values (51, 51, 51, 'Volkswagen');
insert into Ratings (ownerId, ratedPost, ratedComment, type) values (52, 52, 52, 'Audi');
insert into Ratings (ownerId, ratedPost, ratedComment, type) values (53, null, null, 'Chevrolet');
insert into Ratings (ownerId, ratedPost, ratedComment, type) values (54, null, null, 'Ford');
insert into Ratings (ownerId, ratedPost, ratedComment, type) values (55, 55, 55, 'GMC');
insert into Ratings (ownerId, ratedPost, ratedComment, type) values (56, null, null, 'Dodge');
insert into Ratings (ownerId, ratedPost, ratedComment, type) values (57, null, null, 'Chevrolet');
insert into Ratings (ownerId, ratedPost, ratedComment, type) values (58, null, null, 'Honda');
insert into Ratings (ownerId, ratedPost, ratedComment, type) values (59, null, null, 'Mitsubishi');
insert into Ratings (ownerId, ratedPost, ratedComment, type) values (60, null, null, 'Morgan');
insert into Ratings (ownerId, ratedPost, ratedComment, type) values (61, null, null, 'Subaru');
insert into Ratings (ownerId, ratedPost, ratedComment, type) values (62, null, null, 'Jeep');
insert into Ratings (ownerId, ratedPost, ratedComment, type) values (63, null, null, 'Pontiac');
insert into Ratings (ownerId, ratedPost, ratedComment, type) values (64, null, null, 'GMC');
insert into Ratings (ownerId, ratedPost, ratedComment, type) values (65, null, null, 'Toyota');
insert into Ratings (ownerId, ratedPost, ratedComment, type) values (66, 66, 66, 'Citron');
insert into Ratings (ownerId, ratedPost, ratedComment, type) values (67, null, null, 'Toyota');
insert into Ratings (ownerId, ratedPost, ratedComment, type) values (68, null, null, 'Chevrolet');
insert into Ratings (ownerId, ratedPost, ratedComment, type) values (69, 69, 69, 'Jaguar');
insert into Ratings (ownerId, ratedPost, ratedComment, type) values (70, 70, 70, 'Lotus');
insert into Ratings (ownerId, ratedPost, ratedComment, type) values (71, null, null, 'Pontiac');
insert into Ratings (ownerId, ratedPost, ratedComment, type) values (72, null, null, 'Chrysler');
insert into Ratings (ownerId, ratedPost, ratedComment, type) values (73, null, null, 'BMW');
insert into Ratings (ownerId, ratedPost, ratedComment, type) values (74, null, null, 'Ford');
insert into Ratings (ownerId, ratedPost, ratedComment, type) values (75, 75, 75, 'Bentley');
insert into Ratings (ownerId, ratedPost, ratedComment, type) values (76, null, null, 'Toyota');
insert into Ratings (ownerId, ratedPost, ratedComment, type) values (77, 77, 77, 'Nissan');
insert into Ratings (ownerId, ratedPost, ratedComment, type) values (78, 78, 78, 'Plymouth');
insert into Ratings (ownerId, ratedPost, ratedComment, type) values (79, 79, 79, 'Ford');
insert into Ratings (ownerId, ratedPost, ratedComment, type) values (80, null, null, 'Chevrolet');
insert into Ratings (ownerId, ratedPost, ratedComment, type) values (81, 81, 81, 'Isuzu');
insert into Ratings (ownerId, ratedPost, ratedComment, type) values (82, 82, 82, 'MINI');
insert into Ratings (ownerId, ratedPost, ratedComment, type) values (83, null, null, 'Lexus');
insert into Ratings (ownerId, ratedPost, ratedComment, type) values (84, null, null, 'Alfa Romeo');
insert into Ratings (ownerId, ratedPost, ratedComment, type) values (85, null, null, 'Ford');
insert into Ratings (ownerId, ratedPost, ratedComment, type) values (86, 86, 86, 'Infiniti');
insert into Ratings (ownerId, ratedPost, ratedComment, type) values (87, 87, 87, 'Ford');
insert into Ratings (ownerId, ratedPost, ratedComment, type) values (88, null, null, 'Audi');
insert into Ratings (ownerId, ratedPost, ratedComment, type) values (89, 89, 89, 'Toyota');
insert into Ratings (ownerId, ratedPost, ratedComment, type) values (90, 90, 90, 'Chevrolet');
insert into Ratings (ownerId, ratedPost, ratedComment, type) values (91, 91, 91, 'Mercury');
insert into Ratings (ownerId, ratedPost, ratedComment, type) values (92, null, null, 'GMC');
insert into Ratings (ownerId, ratedPost, ratedComment, type) values (93, 93, 93, 'Bentley');
insert into Ratings (ownerId, ratedPost, ratedComment, type) values (94, null, null, 'Audi');
insert into Ratings (ownerId, ratedPost, ratedComment, type) values (95, null, null, 'Plymouth');
insert into Ratings (ownerId, ratedPost, ratedComment, type) values (96, 96, 96, 'Lincoln');
insert into Ratings (ownerId, ratedPost, ratedComment, type) values (97, 97, 97, 'Cadillac');
insert into Ratings (ownerId, ratedPost, ratedComment, type) values (98, 98, 98, 'Chevrolet');
insert into Ratings (ownerId, ratedPost, ratedComment, type) values (99, null, null, 'Chevrolet');
insert into Ratings (ownerId, ratedPost, ratedComment, type) values (100, 100, 100, 'Mazda');

-- Follows

insert into Follows (ownerId, followedUser, followedForum) values (1, 1, 1);
insert into Follows (ownerId, followedUser, followedForum) values (2, 2, 2);
insert into Follows (ownerId, followedUser, followedForum) values (3, null, null);
insert into Follows (ownerId, followedUser, followedForum) values (4, null, null);
insert into Follows (ownerId, followedUser, followedForum) values (5, null, null);
insert into Follows (ownerId, followedUser, followedForum) values (6, 6, 6);
insert into Follows (ownerId, followedUser, followedForum) values (7, null, null);
insert into Follows (ownerId, followedUser, followedForum) values (8, null, null);
insert into Follows (ownerId, followedUser, followedForum) values (9, 9, 9);
insert into Follows (ownerId, followedUser, followedForum) values (10, null, null);
insert into Follows (ownerId, followedUser, followedForum) values (11, null, null);
insert into Follows (ownerId, followedUser, followedForum) values (12, 12, 12);
insert into Follows (ownerId, followedUser, followedForum) values (13, 13, 13);
insert into Follows (ownerId, followedUser, followedForum) values (14, 14, 14);
insert into Follows (ownerId, followedUser, followedForum) values (15, null, null);
insert into Follows (ownerId, followedUser, followedForum) values (16, null, null);
insert into Follows (ownerId, followedUser, followedForum) values (17, 17, 17);
insert into Follows (ownerId, followedUser, followedForum) values (18, null, null);
insert into Follows (ownerId, followedUser, followedForum) values (19, null, null);
insert into Follows (ownerId, followedUser, followedForum) values (20, null, null);
insert into Follows (ownerId, followedUser, followedForum) values (21, 21, 21);
insert into Follows (ownerId, followedUser, followedForum) values (22, 22, 22);
insert into Follows (ownerId, followedUser, followedForum) values (23, null, null);
insert into Follows (ownerId, followedUser, followedForum) values (24, null, null);
insert into Follows (ownerId, followedUser, followedForum) values (25, null, null);
insert into Follows (ownerId, followedUser, followedForum) values (26, 26, 26);
insert into Follows (ownerId, followedUser, followedForum) values (27, 27, 27);
insert into Follows (ownerId, followedUser, followedForum) values (28, null, null);
insert into Follows (ownerId, followedUser, followedForum) values (29, null, null);
insert into Follows (ownerId, followedUser, followedForum) values (30, 30, 30);
insert into Follows (ownerId, followedUser, followedForum) values (31, null, null);
insert into Follows (ownerId, followedUser, followedForum) values (32, null, null);
insert into Follows (ownerId, followedUser, followedForum) values (33, 33, 33);
insert into Follows (ownerId, followedUser, followedForum) values (34, null, null);
insert into Follows (ownerId, followedUser, followedForum) values (35, null, null);
insert into Follows (ownerId, followedUser, followedForum) values (36, null, null);
insert into Follows (ownerId, followedUser, followedForum) values (37, 37, 37);
insert into Follows (ownerId, followedUser, followedForum) values (38, null, null);
insert into Follows (ownerId, followedUser, followedForum) values (39, 39, 39);
insert into Follows (ownerId, followedUser, followedForum) values (40, 40, 40);
insert into Follows (ownerId, followedUser, followedForum) values (41, null, null);
insert into Follows (ownerId, followedUser, followedForum) values (42, null, null);
insert into Follows (ownerId, followedUser, followedForum) values (43, 43, 43);
insert into Follows (ownerId, followedUser, followedForum) values (44, 44, 44);
insert into Follows (ownerId, followedUser, followedForum) values (45, 45, 45);
insert into Follows (ownerId, followedUser, followedForum) values (46, 46, 46);
insert into Follows (ownerId, followedUser, followedForum) values (47, null, null);
insert into Follows (ownerId, followedUser, followedForum) values (48, null, null);
insert into Follows (ownerId, followedUser, followedForum) values (49, 49, 49);
insert into Follows (ownerId, followedUser, followedForum) values (50, 50, 50);
insert into Follows (ownerId, followedUser, followedForum) values (51, null, null);
insert into Follows (ownerId, followedUser, followedForum) values (52, 52, 52);
insert into Follows (ownerId, followedUser, followedForum) values (53, null, null);
insert into Follows (ownerId, followedUser, followedForum) values (54, null, null);
insert into Follows (ownerId, followedUser, followedForum) values (55, null, null);
insert into Follows (ownerId, followedUser, followedForum) values (56, 56, 56);
insert into Follows (ownerId, followedUser, followedForum) values (57, 57, 57);
insert into Follows (ownerId, followedUser, followedForum) values (58, 58, 58);
insert into Follows (ownerId, followedUser, followedForum) values (59, 59, 59);
insert into Follows (ownerId, followedUser, followedForum) values (60, 60, 60);
insert into Follows (ownerId, followedUser, followedForum) values (61, null, null);
insert into Follows (ownerId, followedUser, followedForum) values (62, null, null);
insert into Follows (ownerId, followedUser, followedForum) values (63, 63, 63);
insert into Follows (ownerId, followedUser, followedForum) values (64, null, null);
insert into Follows (ownerId, followedUser, followedForum) values (65, null, null);
insert into Follows (ownerId, followedUser, followedForum) values (66, null, null);
insert into Follows (ownerId, followedUser, followedForum) values (67, null, null);
insert into Follows (ownerId, followedUser, followedForum) values (68, 68, 68);
insert into Follows (ownerId, followedUser, followedForum) values (69, null, null);
insert into Follows (ownerId, followedUser, followedForum) values (70, null, null);
insert into Follows (ownerId, followedUser, followedForum) values (71, 71, 71);
insert into Follows (ownerId, followedUser, followedForum) values (72, null, null);
insert into Follows (ownerId, followedUser, followedForum) values (73, null, null);
insert into Follows (ownerId, followedUser, followedForum) values (74, null, null);
insert into Follows (ownerId, followedUser, followedForum) values (75, 75, 75);
insert into Follows (ownerId, followedUser, followedForum) values (76, 76, 76);
insert into Follows (ownerId, followedUser, followedForum) values (77, null, null);
insert into Follows (ownerId, followedUser, followedForum) values (78, null, null);
insert into Follows (ownerId, followedUser, followedForum) values (79, 79, 79);
insert into Follows (ownerId, followedUser, followedForum) values (80, 80, 80);
insert into Follows (ownerId, followedUser, followedForum) values (81, 81, 81);
insert into Follows (ownerId, followedUser, followedForum) values (82, null, null);
insert into Follows (ownerId, followedUser, followedForum) values (83, 83, 83);
insert into Follows (ownerId, followedUser, followedForum) values (84, null, null);
insert into Follows (ownerId, followedUser, followedForum) values (85, null, null);
insert into Follows (ownerId, followedUser, followedForum) values (86, 86, 86);
insert into Follows (ownerId, followedUser, followedForum) values (87, 87, 87);
insert into Follows (ownerId, followedUser, followedForum) values (88, 88, 88);
insert into Follows (ownerId, followedUser, followedForum) values (89, 89, 89);
insert into Follows (ownerId, followedUser, followedForum) values (90, null, null);
insert into Follows (ownerId, followedUser, followedForum) values (91, 91, 91);
insert into Follows (ownerId, followedUser, followedForum) values (92, 92, 92);
insert into Follows (ownerId, followedUser, followedForum) values (93, null, null);
insert into Follows (ownerId, followedUser, followedForum) values (94, null, null);
insert into Follows (ownerId, followedUser, followedForum) values (95, 95, 95);
insert into Follows (ownerId, followedUser, followedForum) values (96, 96, 96);
insert into Follows (ownerId, followedUser, followedForum) values (97, 97, 97);
insert into Follows (ownerId, followedUser, followedForum) values (98, 98, 98);
insert into Follows (ownerId, followedUser, followedForum) values (99, null, null);
insert into Follows (ownerId, followedUser, followedForum) values (100, null, null);

-- REPORTS --

insert into Reports (id, createdAt, reason, state, archived, reportType, reporterId, forumId, postId, commentId) values (1, '2021-11-04 04:41:45', 'justo morbi ut odio cras mi pede malesuada in imperdiet et commodo vulputate', 'MX-5', false, 'LS', 1, 1, 1, 1);
insert into Reports (id, createdAt, reason, state, archived, reportType, reporterId, forumId, postId, commentId) values (2, '2022-05-10 22:12:53', 'adipiscing lorem vitae mattis nibh ligula nec sem duis aliquam', 'Express 1500', false, 'Legacy', 2, 2, 2, 2);
insert into Reports (id, createdAt, reason, state, archived, reportType, reporterId, forumId, postId, commentId) values (3, '2022-04-25 23:29:15', 'turpis a pede posuere nonummy integer non velit donec diam neque vestibulum', '3000GT', false, 'Tracer', 3, 3, 3, 3);
insert into Reports (id, createdAt, reason, state, archived, reportType, reporterId, forumId, postId, commentId) values (4, '2022-04-30 07:41:17', 'massa quis augue luctus tincidunt nulla mollis molestie lorem quisque', 'Azera', false, 'Ridgeline', 4, null, null, null);
insert into Reports (id, createdAt, reason, state, archived, reportType, reporterId, forumId, postId, commentId) values (5, '2021-11-19 18:59:02', 'ultrices mattis odio donec vitae nisi nam ultrices libero non mattis pulvinar nulla pede ullamcorper augue a suscipit', 'Alero', false, 'Protege', 5, 5, 5, 5);
insert into Reports (id, createdAt, reason, state, archived, reportType, reporterId, forumId, postId, commentId) values (6, '2021-11-11 21:55:36', 'non pretium quis lectus suspendisse potenti in eleifend quam a odio in hac habitasse platea', 'Insight', false, 'Roadmaster', 6, 6, 6, 6);
insert into Reports (id, createdAt, reason, state, archived, reportType, reporterId, forumId, postId, commentId) values (7, '2022-09-24 03:21:11', 'id pretium iaculis diam erat fermentum justo nec condimentum neque', '80', true, 'Rogue', 7, 7, 7, 7);
insert into Reports (id, createdAt, reason, state, archived, reportType, reporterId, forumId, postId, commentId) values (8, '2022-10-10 13:16:24', 'molestie lorem quisque ut erat curabitur gravida nisi at nibh in hac habitasse', 'Esperante', true, 'F150', 8, null, null, null);
insert into Reports (id, createdAt, reason, state, archived, reportType, reporterId, forumId, postId, commentId) values (9, '2022-08-31 20:31:46', 'sapien urna pretium nisl ut volutpat sapien arcu sed augue aliquam erat volutpat in congue etiam justo etiam', 'Eos', true, 'F250', 9, null, null, null);
insert into Reports (id, createdAt, reason, state, archived, reportType, reporterId, forumId, postId, commentId) values (10, '2022-01-02 08:15:45', 'suscipit a feugiat et eros vestibulum ac est lacinia nisi venenatis tristique fusce congue diam id ornare imperdiet', 'F150', true, 'Tahoe', 10, 10, 10, 10);
insert into Reports (id, createdAt, reason, state, archived, reportType, reporterId, forumId, postId, commentId) values (11, '2022-06-23 09:28:18', 'lorem integer tincidunt ante vel ipsum praesent blandit lacinia erat vestibulum sed magna at nunc', 'Sorento', false, 'Grand Prix', 11, 11, 11, 11);
insert into Reports (id, createdAt, reason, state, archived, reportType, reporterId, forumId, postId, commentId) values (12, '2022-02-26 17:33:30', 'odio porttitor id consequat in consequat ut nulla sed accumsan felis ut at dolor', 'G6', true, 'Grand Caravan', 12, 12, 12, 12);
insert into Reports (id, createdAt, reason, state, archived, reportType, reporterId, forumId, postId, commentId) values (13, '2022-08-09 23:27:42', 'vestibulum aliquet ultrices erat tortor sollicitudin mi sit amet lobortis', 'PT Cruiser', true, 'Amanti', 13, 13, 13, 13);
insert into Reports (id, createdAt, reason, state, archived, reportType, reporterId, forumId, postId, commentId) values (14, '2022-02-26 23:44:32', 'iaculis justo in hac habitasse platea dictumst etiam faucibus cursus urna ut tellus nulla ut', 'Monte Carlo', true, 'Econoline E150', 14, 14, 14, 14);
insert into Reports (id, createdAt, reason, state, archived, reportType, reporterId, forumId, postId, commentId) values (15, '2022-06-26 03:41:57', 'quisque erat eros viverra eget congue eget semper rutrum nulla nunc purus phasellus in felis donec semper', 'Ram Van B150', true, 'Cabriolet', 15, 15, 15, 15);
insert into Reports (id, createdAt, reason, state, archived, reportType, reporterId, forumId, postId, commentId) values (16, '2022-06-08 21:49:48', 'potenti nullam porttitor lacus at turpis donec posuere metus vitae ipsum aliquam non mauris morbi non lectus aliquam sit', 'Hombre', false, 'R-Class', 16, null, null, null);
insert into Reports (id, createdAt, reason, state, archived, reportType, reporterId, forumId, postId, commentId) values (17, '2022-07-06 18:33:58', 'velit eu est congue elementum in hac habitasse platea dictumst morbi vestibulum velit', 'Grand Marquis', false, 'XJ Series', 17, null, null, null);
insert into Reports (id, createdAt, reason, state, archived, reportType, reporterId, forumId, postId, commentId) values (18, '2022-07-09 21:53:28', 'non sodales sed tincidunt eu felis fusce posuere felis sed lacus morbi sem mauris', 'GTI', true, 'Cutlass Supreme', 18, 18, 18, 18);
insert into Reports (id, createdAt, reason, state, archived, reportType, reporterId, forumId, postId, commentId) values (19, '2022-08-30 06:09:19', 'suscipit ligula in lacus curabitur at ipsum ac tellus semper interdum', 'Legacy', true, 'Mirage', 19, 19, 19, 19);
insert into Reports (id, createdAt, reason, state, archived, reportType, reporterId, forumId, postId, commentId) values (20, '2022-02-09 10:53:02', 'primis in faucibus orci luctus et ultrices posuere cubilia curae duis faucibus accumsan odio', 'Econoline E250', false, 'Countach', 20, 20, 20, 20);
insert into Reports (id, createdAt, reason, state, archived, reportType, reporterId, forumId, postId, commentId) values (21, '2022-02-13 12:52:04', 'pulvinar lobortis est phasellus sit amet erat nulla tempus vivamus in felis eu', 'Park Avenue', true, 'Savana 2500', 21, null, null, null);
insert into Reports (id, createdAt, reason, state, archived, reportType, reporterId, forumId, postId, commentId) values (22, '2022-06-01 17:54:21', 'mauris non ligula pellentesque ultrices phasellus id sapien in sapien iaculis congue', 'CLK-Class', false, 'Century', 22, null, null, null);
insert into Reports (id, createdAt, reason, state, archived, reportType, reporterId, forumId, postId, commentId) values (23, '2022-08-27 20:20:54', 'ultrices aliquet maecenas leo odio condimentum id luctus nec molestie sed justo pellentesque viverra pede ac diam cras', 'Loyale', false, 'Equus', 23, 23, 23, 23);
insert into Reports (id, createdAt, reason, state, archived, reportType, reporterId, forumId, postId, commentId) values (24, '2022-08-17 15:31:17', 'aliquam non mauris morbi non lectus aliquam sit amet diam in', 'LS', true, 'Impala', 24, null, null, null);
insert into Reports (id, createdAt, reason, state, archived, reportType, reporterId, forumId, postId, commentId) values (25, '2022-10-30 13:50:05', 'libero nam dui proin leo odio porttitor id consequat in consequat ut nulla sed accumsan felis ut at', 'F150', true, '9000', 25, null, null, null);
insert into Reports (id, createdAt, reason, state, archived, reportType, reporterId, forumId, postId, commentId) values (26, '2022-07-30 07:37:29', 'felis eu sapien cursus vestibulum proin eu mi nulla ac enim in tempor turpis nec euismod scelerisque quam', 'SJ 410', true, 'Tiburon', 26, 26, 26, 26);
insert into Reports (id, createdAt, reason, state, archived, reportType, reporterId, forumId, postId, commentId) values (27, '2022-02-04 19:37:40', 'non pretium quis lectus suspendisse potenti in eleifend quam a odio in hac habitasse platea dictumst maecenas ut', 'S-Class', true, 'Pajero', 27, null, null, null);
insert into Reports (id, createdAt, reason, state, archived, reportType, reporterId, forumId, postId, commentId) values (28, '2022-04-30 23:47:18', 'proin leo odio porttitor id consequat in consequat ut nulla sed accumsan felis ut at dolor quis odio consequat varius', 'Caravan', true, 'Aura', 28, null, null, null);
insert into Reports (id, createdAt, reason, state, archived, reportType, reporterId, forumId, postId, commentId) values (29, '2022-09-28 18:45:48', 'vestibulum aliquet ultrices erat tortor sollicitudin mi sit amet lobortis', 'Exige', false, '2500 Club Coupe', 29, 29, 29, 29);
insert into Reports (id, createdAt, reason, state, archived, reportType, reporterId, forumId, postId, commentId) values (30, '2022-07-03 20:56:26', 'donec semper sapien a libero nam dui proin leo odio porttitor id consequat in consequat ut nulla sed accumsan felis', 'Roadster', true, 'Grand Prix', 30, null, null, null);
insert into Reports (id, createdAt, reason, state, archived, reportType, reporterId, forumId, postId, commentId) values (31, '2022-03-17 00:56:06', 'lacus morbi sem mauris laoreet ut rhoncus aliquet pulvinar sed nisl nunc rhoncus', 'Continental', true, 'Range Rover', 31, 31, 31, 31);
insert into Reports (id, createdAt, reason, state, archived, reportType, reporterId, forumId, postId, commentId) values (32, '2022-06-10 10:56:00', 'condimentum id luctus nec molestie sed justo pellentesque viverra pede ac diam cras', 'Thunderbird', true, 'Jimmy', 32, 32, 32, 32);
insert into Reports (id, createdAt, reason, state, archived, reportType, reporterId, forumId, postId, commentId) values (33, '2022-10-30 13:48:35', 'massa quis augue luctus tincidunt nulla mollis molestie lorem quisque ut erat curabitur gravida nisi at nibh in', 'Galant', false, 'Galant', 33, 33, 33, 33);
insert into Reports (id, createdAt, reason, state, archived, reportType, reporterId, forumId, postId, commentId) values (34, '2022-01-03 04:41:47', 'integer a nibh in quis justo maecenas rhoncus aliquam lacus morbi quis tortor id', 'GT350', true, 'Ranger', 34, 34, 34, 34);
insert into Reports (id, createdAt, reason, state, archived, reportType, reporterId, forumId, postId, commentId) values (35, '2022-07-23 03:10:35', 'eu interdum eu tincidunt in leo maecenas pulvinar lobortis est phasellus sit amet erat nulla tempus', 'Sportage', true, 'A4', 35, 35, 35, 35);
insert into Reports (id, createdAt, reason, state, archived, reportType, reporterId, forumId, postId, commentId) values (36, '2022-01-12 17:38:20', 'sit amet justo morbi ut odio cras mi pede malesuada in imperdiet', 'Crossfire', true, 'X5 M', 36, 36, 36, 36);
insert into Reports (id, createdAt, reason, state, archived, reportType, reporterId, forumId, postId, commentId) values (37, '2022-07-28 03:54:00', 'erat eros viverra eget congue eget semper rutrum nulla nunc purus phasellus in felis donec semper sapien a', 'Grand Vitara', true, 'LX', 37, 37, 37, 37);
insert into Reports (id, createdAt, reason, state, archived, reportType, reporterId, forumId, postId, commentId) values (38, '2022-01-21 03:56:47', 'ut mauris eget massa tempor convallis nulla neque libero convallis eget eleifend luctus', 'Astro', false, 'Express', 38, 38, 38, 38);
insert into Reports (id, createdAt, reason, state, archived, reportType, reporterId, forumId, postId, commentId) values (39, '2022-01-30 03:06:44', 'sed accumsan felis ut at dolor quis odio consequat varius integer ac leo pellentesque ultrices', 'Tacoma Xtra', true, 'Jetta', 39, 39, 39, 39);
insert into Reports (id, createdAt, reason, state, archived, reportType, reporterId, forumId, postId, commentId) values (40, '2022-10-17 05:15:51', 'pellentesque at nulla suspendisse potenti cras in purus eu magna vulputate luctus cum', 'B-Series Plus', true, 'Ram Van 1500', 40, null, null, null);
insert into Reports (id, createdAt, reason, state, archived, reportType, reporterId, forumId, postId, commentId) values (41, '2022-10-26 01:57:48', 'vestibulum ac est lacinia nisi venenatis tristique fusce congue diam id ornare imperdiet sapien', 'Yukon XL 1500', true, '4Runner', 41, 41, 41, 41);
insert into Reports (id, createdAt, reason, state, archived, reportType, reporterId, forumId, postId, commentId) values (42, '2022-08-29 16:55:32', 'ac nulla sed vel enim sit amet nunc viverra dapibus nulla suscipit ligula in', 'Silverado 1500', true, 'GTO', 42, null, null, null);
insert into Reports (id, createdAt, reason, state, archived, reportType, reporterId, forumId, postId, commentId) values (43, '2022-05-14 16:46:13', 'leo odio porttitor id consequat in consequat ut nulla sed accumsan felis ut', 'GT500', false, 'Lucerne', 43, null, null, null);
insert into Reports (id, createdAt, reason, state, archived, reportType, reporterId, forumId, postId, commentId) values (44, '2022-02-21 04:55:30', 'ultrices mattis odio donec vitae nisi nam ultrices libero non mattis pulvinar nulla pede ullamcorper augue a suscipit nulla elit', 'QX', false, 'Ram 2500', 44, null, null, null);
insert into Reports (id, createdAt, reason, state, archived, reportType, reporterId, forumId, postId, commentId) values (45, '2022-08-09 11:02:49', 'platea dictumst morbi vestibulum velit id pretium iaculis diam erat fermentum justo nec', 'Taurus', false, 'Regal', 45, 45, 45, 45);
insert into Reports (id, createdAt, reason, state, archived, reportType, reporterId, forumId, postId, commentId) values (46, '2022-02-26 19:22:44', 'pretium quis lectus suspendisse potenti in eleifend quam a odio in hac habitasse platea dictumst', 'LS', true, 'DTS', 46, 46, 46, 46);
insert into Reports (id, createdAt, reason, state, archived, reportType, reporterId, forumId, postId, commentId) values (47, '2022-06-12 01:36:31', 'rutrum nulla nunc purus phasellus in felis donec semper sapien a libero', 'G-Class', true, 'Charger', 47, 47, 47, 47);
insert into Reports (id, createdAt, reason, state, archived, reportType, reporterId, forumId, postId, commentId) values (48, '2022-08-22 00:11:50', 'ut dolor morbi vel lectus in quam fringilla rhoncus mauris enim leo rhoncus', 'IS F', true, 'Acadia', 48, null, null, null);
insert into Reports (id, createdAt, reason, state, archived, reportType, reporterId, forumId, postId, commentId) values (49, '2021-12-12 21:38:51', 'consequat dui nec nisi volutpat eleifend donec ut dolor morbi vel lectus in quam', 'Fusion', false, 'Town & Country', 49, 49, 49, 49);
insert into Reports (id, createdAt, reason, state, archived, reportType, reporterId, forumId, postId, commentId) values (50, '2022-02-26 18:04:05', 'massa quis augue luctus tincidunt nulla mollis molestie lorem quisque', 'Achieva', false, 'Armada', 50, 50, 50, 50);
insert into Reports (id, createdAt, reason, state, archived, reportType, reporterId, forumId, postId, commentId) values (51, '2022-06-09 02:34:11', 'ullamcorper augue a suscipit nulla elit ac nulla sed vel enim sit', 'Previa', false, 'RL', 51, 51, 51, 51);
insert into Reports (id, createdAt, reason, state, archived, reportType, reporterId, forumId, postId, commentId) values (52, '2021-11-01 18:09:53', 'curabitur in libero ut massa volutpat convallis morbi odio odio elementum eu interdum eu tincidunt in', 'Club Wagon', false, 'S-Class', 52, 52, 52, 52);
insert into Reports (id, createdAt, reason, state, archived, reportType, reporterId, forumId, postId, commentId) values (53, '2022-08-26 04:31:29', 'neque duis bibendum morbi non quam nec dui luctus rutrum nulla tellus in sagittis dui vel nisl duis ac nibh', 'Silhouette', false, 'Q7', 53, 53, 53, 53);
insert into Reports (id, createdAt, reason, state, archived, reportType, reporterId, forumId, postId, commentId) values (54, '2022-01-23 20:25:26', 'donec vitae nisi nam ultrices libero non mattis pulvinar nulla pede ullamcorper augue a suscipit', 'CL-Class', true, 'L-Series', 54, null, null, null);
insert into Reports (id, createdAt, reason, state, archived, reportType, reporterId, forumId, postId, commentId) values (55, '2022-09-14 15:44:13', 'aliquam quis turpis eget elit sodales scelerisque mauris sit amet eros suspendisse accumsan tortor quis', 'Samurai', true, 'Probe', 55, null, null, null);
insert into Reports (id, createdAt, reason, state, archived, reportType, reporterId, forumId, postId, commentId) values (56, '2022-01-10 14:46:16', 'nec nisi volutpat eleifend donec ut dolor morbi vel lectus in quam fringilla rhoncus mauris enim', 'Prowler', false, 'G35', 56, 56, 56, 56);
insert into Reports (id, createdAt, reason, state, archived, reportType, reporterId, forumId, postId, commentId) values (57, '2022-10-21 13:13:51', 'aliquam erat volutpat in congue etiam justo etiam pretium iaculis justo in hac habitasse platea dictumst etiam faucibus', 'Sonoma', true, 'Sunfire', 57, null, null, null);
insert into Reports (id, createdAt, reason, state, archived, reportType, reporterId, forumId, postId, commentId) values (58, '2021-11-23 22:39:31', 'erat id mauris vulputate elementum nullam varius nulla facilisi cras non velit nec nisi vulputate', 'Tacoma', true, '911', 58, 58, 58, 58);
insert into Reports (id, createdAt, reason, state, archived, reportType, reporterId, forumId, postId, commentId) values (59, '2022-05-09 22:23:15', 'posuere nonummy integer non velit donec diam neque vestibulum eget vulputate', 'S80', true, 'GX', 59, 59, 59, 59);
insert into Reports (id, createdAt, reason, state, archived, reportType, reporterId, forumId, postId, commentId) values (60, '2022-09-27 02:00:47', 'vitae quam suspendisse potenti nullam porttitor lacus at turpis donec posuere metus vitae ipsum aliquam non', 'Concorde', false, '6 Series', 60, null, null, null);
insert into Reports (id, createdAt, reason, state, archived, reportType, reporterId, forumId, postId, commentId) values (61, '2021-11-25 18:20:28', 'nec molestie sed justo pellentesque viverra pede ac diam cras pellentesque', 'Endeavor', false, 'Sonata', 61, 61, 61, 61);
insert into Reports (id, createdAt, reason, state, archived, reportType, reporterId, forumId, postId, commentId) values (62, '2022-08-05 04:07:20', 'in felis eu sapien cursus vestibulum proin eu mi nulla ac enim in tempor', 'Outback', false, 'Explorer Sport', 62, 62, 62, 62);
insert into Reports (id, createdAt, reason, state, archived, reportType, reporterId, forumId, postId, commentId) values (63, '2022-10-27 08:20:39', 'vestibulum ante ipsum primis in faucibus orci luctus et ultrices posuere cubilia curae duis', 'Corvette', false, 'E-Series', 63, 63, 63, 63);
insert into Reports (id, createdAt, reason, state, archived, reportType, reporterId, forumId, postId, commentId) values (64, '2021-12-24 21:52:30', 'orci luctus et ultrices posuere cubilia curae duis faucibus accumsan odio', 'Expedition', false, 'TSX', 64, 64, 64, 64);
insert into Reports (id, createdAt, reason, state, archived, reportType, reporterId, forumId, postId, commentId) values (65, '2022-07-20 00:35:20', 'risus auctor sed tristique in tempus sit amet sem fusce consequat nulla nisl nunc nisl duis bibendum', 'Avalanche 1500', false, 'Intrepid', 65, 65, 65, 65);
insert into Reports (id, createdAt, reason, state, archived, reportType, reporterId, forumId, postId, commentId) values (66, '2022-01-29 08:06:23', 'morbi odio odio elementum eu interdum eu tincidunt in leo maecenas', 'New Yorker', false, 'Murano', 66, 66, 66, 66);
insert into Reports (id, createdAt, reason, state, archived, reportType, reporterId, forumId, postId, commentId) values (67, '2022-08-24 20:36:32', 'ut erat curabitur gravida nisi at nibh in hac habitasse platea dictumst aliquam', 'Sephia', true, 'MPV', 67, 67, 67, 67);
insert into Reports (id, createdAt, reason, state, archived, reportType, reporterId, forumId, postId, commentId) values (68, '2022-08-29 02:22:12', 'quisque porta volutpat erat quisque erat eros viverra eget congue eget semper', 'Crown Victoria', true, 'Econoline E350', 68, null, null, null);
insert into Reports (id, createdAt, reason, state, archived, reportType, reporterId, forumId, postId, commentId) values (69, '2022-01-23 16:15:47', 'orci pede venenatis non sodales sed tincidunt eu felis fusce posuere felis', 'Century', true, 'Silverado 2500', 69, 69, 69, 69);
insert into Reports (id, createdAt, reason, state, archived, reportType, reporterId, forumId, postId, commentId) values (70, '2022-09-23 02:03:15', 'dignissim vestibulum vestibulum ante ipsum primis in faucibus orci luctus et ultrices posuere cubilia curae nulla dapibus dolor vel', 'Diablo', true, 'Continental GT', 70, null, null, null);
insert into Reports (id, createdAt, reason, state, archived, reportType, reporterId, forumId, postId, commentId) values (71, '2022-05-17 18:46:24', 'nunc viverra dapibus nulla suscipit ligula in lacus curabitur at ipsum ac tellus semper interdum', 'Econoline E250', false, 'A8', 71, 71, 71, 71);
insert into Reports (id, createdAt, reason, state, archived, reportType, reporterId, forumId, postId, commentId) values (72, '2022-07-05 20:36:45', 'vivamus vestibulum sagittis sapien cum sociis natoque penatibus et magnis', 'Express 1500', true, 'Leone', 72, null, null, null);
insert into Reports (id, createdAt, reason, state, archived, reportType, reporterId, forumId, postId, commentId) values (73, '2022-06-01 12:12:41', 'ultrices posuere cubilia curae mauris viverra diam vitae quam suspendisse potenti', 'RL', false, 'Gallardo', 73, 73, 73, 73);
insert into Reports (id, createdAt, reason, state, archived, reportType, reporterId, forumId, postId, commentId) values (74, '2022-08-26 09:44:46', 'volutpat in congue etiam justo etiam pretium iaculis justo in hac habitasse platea dictumst etiam faucibus cursus urna', 'STS', false, 'Cirrus', 74, null, null, null);
insert into Reports (id, createdAt, reason, state, archived, reportType, reporterId, forumId, postId, commentId) values (75, '2022-08-16 04:27:04', 'aenean sit amet justo morbi ut odio cras mi pede malesuada in imperdiet', 'GTI', false, 'Neon', 75, 75, 75, 75);
insert into Reports (id, createdAt, reason, state, archived, reportType, reporterId, forumId, postId, commentId) values (76, '2022-02-10 16:33:30', 'id consequat in consequat ut nulla sed accumsan felis ut at dolor quis odio', 'G37', true, 'XT', 76, null, null, null);
insert into Reports (id, createdAt, reason, state, archived, reportType, reporterId, forumId, postId, commentId) values (77, '2022-07-16 06:27:19', 'dapibus dolor vel est donec odio justo sollicitudin ut suscipit a', 'Cabriolet', true, 'MKZ', 77, 77, 77, 77);
insert into Reports (id, createdAt, reason, state, archived, reportType, reporterId, forumId, postId, commentId) values (78, '2021-12-30 06:55:35', 'blandit lacinia erat vestibulum sed magna at nunc commodo placerat praesent blandit', 'Town & Country', true, 'Discovery', 78, null, null, null);
insert into Reports (id, createdAt, reason, state, archived, reportType, reporterId, forumId, postId, commentId) values (79, '2021-12-08 04:13:52', 'cum sociis natoque penatibus et magnis dis parturient montes nascetur ridiculus', '911', true, 'Toronado', 79, 79, 79, 79);
insert into Reports (id, createdAt, reason, state, archived, reportType, reporterId, forumId, postId, commentId) values (80, '2022-01-10 04:59:12', 'morbi non lectus aliquam sit amet diam in magna bibendum imperdiet nullam', 'rio', true, 'Suburban', 80, 80, 80, 80);
insert into Reports (id, createdAt, reason, state, archived, reportType, reporterId, forumId, postId, commentId) values (81, '2022-08-28 08:01:10', 'sed interdum venenatis turpis enim blandit mi in porttitor pede', 'GTI', true, 'M3', 81, null, null, null);
insert into Reports (id, createdAt, reason, state, archived, reportType, reporterId, forumId, postId, commentId) values (82, '2022-07-25 18:57:07', 'hac habitasse platea dictumst etiam faucibus cursus urna ut tellus nulla ut erat id', 'Malibu', true, 'Celica', 82, null, null, null);
insert into Reports (id, createdAt, reason, state, archived, reportType, reporterId, forumId, postId, commentId) values (83, '2022-07-06 21:56:35', 'ultrices enim lorem ipsum dolor sit amet consectetuer adipiscing elit proin interdum mauris', 'Grand Prix', false, 'E-Series', 83, 83, 83, 83);
insert into Reports (id, createdAt, reason, state, archived, reportType, reporterId, forumId, postId, commentId) values (84, '2022-04-12 04:34:28', 'vel sem sed sagittis nam congue risus semper porta volutpat quam pede lobortis ligula sit amet', 'Tahoe', false, 'Charger', 84, 84, 84, 84);
insert into Reports (id, createdAt, reason, state, archived, reportType, reporterId, forumId, postId, commentId) values (85, '2022-02-24 02:48:06', 'nullam sit amet turpis elementum ligula vehicula consequat morbi a ipsum integer a nibh', 'Esteem', false, 'Trans Sport', 85, 85, 85, 85);
insert into Reports (id, createdAt, reason, state, archived, reportType, reporterId, forumId, postId, commentId) values (86, '2021-11-12 14:41:38', 'augue vel accumsan tellus nisi eu orci mauris lacinia sapien quis libero nullam sit', 'xB', false, 'F250', 86, 86, 86, 86);
insert into Reports (id, createdAt, reason, state, archived, reportType, reporterId, forumId, postId, commentId) values (87, '2022-07-06 08:01:23', 'sem fusce consequat nulla nisl nunc nisl duis bibendum felis sed interdum venenatis turpis enim blandit mi in porttitor pede', 'XJ', true, 'D150 Club', 87, 87, 87, 87);
insert into Reports (id, createdAt, reason, state, archived, reportType, reporterId, forumId, postId, commentId) values (88, '2022-08-27 05:00:26', 'dui proin leo odio porttitor id consequat in consequat ut nulla sed accumsan felis ut', '1500 Club Coupe', false, 'Swift', 88, 88, 88, 88);
insert into Reports (id, createdAt, reason, state, archived, reportType, reporterId, forumId, postId, commentId) values (89, '2022-09-02 21:04:19', 'elementum ligula vehicula consequat morbi a ipsum integer a nibh', 'Montero', true, 'CL-Class', 89, null, null, null);
insert into Reports (id, createdAt, reason, state, archived, reportType, reporterId, forumId, postId, commentId) values (90, '2022-08-19 01:57:51', 'at dolor quis odio consequat varius integer ac leo pellentesque', 'Sedona', true, 'S8', 90, 90, 90, 90);
insert into Reports (id, createdAt, reason, state, archived, reportType, reporterId, forumId, postId, commentId) values (91, '2022-07-20 13:31:49', 'eget eleifend luctus ultricies eu nibh quisque id justo sit amet sapien dignissim vestibulum vestibulum ante ipsum primis in faucibus', 'Golf', true, 'Grand Voyager', 91, 91, 91, 91);
insert into Reports (id, createdAt, reason, state, archived, reportType, reporterId, forumId, postId, commentId) values (92, '2022-06-25 04:23:44', 'cursus vestibulum proin eu mi nulla ac enim in tempor turpis nec euismod scelerisque quam turpis adipiscing lorem vitae mattis', 'Insight', false, 'Explorer Sport Trac', 92, 92, 92, 92);
insert into Reports (id, createdAt, reason, state, archived, reportType, reporterId, forumId, postId, commentId) values (93, '2022-08-14 16:11:17', 'ipsum primis in faucibus orci luctus et ultrices posuere cubilia', 'GX', false, 'XJ Series', 93, 93, 93, 93);
insert into Reports (id, createdAt, reason, state, archived, reportType, reporterId, forumId, postId, commentId) values (94, '2022-04-28 23:45:05', 'erat tortor sollicitudin mi sit amet lobortis sapien sapien non', 'Avalon', false, 'Lumina', 94, 94, 94, 94);
insert into Reports (id, createdAt, reason, state, archived, reportType, reporterId, forumId, postId, commentId) values (95, '2022-06-13 02:58:41', 'montes nascetur ridiculus mus etiam vel augue vestibulum rutrum rutrum neque aenean', 'Town & Country', false, 'Vision', 95, 95, 95, 95);
insert into Reports (id, createdAt, reason, state, archived, reportType, reporterId, forumId, postId, commentId) values (96, '2022-01-20 06:24:12', 'in porttitor pede justo eu massa donec dapibus duis at velit eu est congue elementum in', 'Z4', false, 'XJ Series', 96, 96, 96, 96);
insert into Reports (id, createdAt, reason, state, archived, reportType, reporterId, forumId, postId, commentId) values (97, '2021-12-13 20:04:06', 'a libero nam dui proin leo odio porttitor id consequat', 'Santa Fe', false, 'Yukon', 97, null, null, null);
insert into Reports (id, createdAt, reason, state, archived, reportType, reporterId, forumId, postId, commentId) values (98, '2022-06-10 11:00:31', 'neque duis bibendum morbi non quam nec dui luctus rutrum nulla tellus in sagittis dui vel', 'SSR', false, 'Matrix', 98, 98, 98, 98);
insert into Reports (id, createdAt, reason, state, archived, reportType, reporterId, forumId, postId, commentId) values (99, '2022-01-24 17:20:26', 'pede malesuada in imperdiet et commodo vulputate justo in blandit ultrices enim lorem ipsum dolor sit amet consectetuer adipiscing', 'Mirage', false, 'Thunderbird', 99, null, null, null);
insert into Reports (id, createdAt, reason, state, archived, reportType, reporterId, forumId, postId, commentId) values (100, '2022-09-07 09:57:19', 'platea dictumst morbi vestibulum velit id pretium iaculis diam erat fermentum justo nec condimentum neque sapien placerat ante nulla', 'Gallardo', true, 'Probe', 100, 100, 100, 100);

-- NOTIFICATIONS --

insert into Notifications (id, createdAt, type, followId, commentId, ratingId) values (1, '2022-10-11 20:46:44', 'Dakota Club', null, null, null);
insert into Notifications (id, createdAt, type, followId, commentId, ratingId) values (2, '2021-12-11 09:22:17', 'Diamante', null, null, null);
insert into Notifications (id, createdAt, type, followId, commentId, ratingId) values (3, '2022-05-19 10:47:19', 'Sprinter 2500', 3, 3, 3);
insert into Notifications (id, createdAt, type, followId, commentId, ratingId) values (4, '2022-07-06 12:40:45', 'Montero', 4, 4, 4);
insert into Notifications (id, createdAt, type, followId, commentId, ratingId) values (5, '2022-09-20 16:36:54', 'S6', null, null, null);
insert into Notifications (id, createdAt, type, followId, commentId, ratingId) values (6, '2021-12-31 01:14:09', '940', null, null, null);
insert into Notifications (id, createdAt, type, followId, commentId, ratingId) values (7, '2022-03-02 15:30:55', 'Avalon', 7, 7, 7);
insert into Notifications (id, createdAt, type, followId, commentId, ratingId) values (8, '2022-04-08 22:20:09', 'Discovery', null, null, null);
insert into Notifications (id, createdAt, type, followId, commentId, ratingId) values (9, '2022-02-18 21:00:09', 'Expo', 9, 9, 9);
insert into Notifications (id, createdAt, type, followId, commentId, ratingId) values (10, '2022-03-13 23:39:05', 'Canyon', 10, 10, 10);
insert into Notifications (id, createdAt, type, followId, commentId, ratingId) values (11, '2022-06-22 14:21:17', 'Montero Sport', null, null, null);
insert into Notifications (id, createdAt, type, followId, commentId, ratingId) values (12, '2022-09-03 13:59:36', 'B-Series Plus', null, null, null);
insert into Notifications (id, createdAt, type, followId, commentId, ratingId) values (13, '2022-02-21 08:30:19', 'Touareg', 13, 13, 13);
insert into Notifications (id, createdAt, type, followId, commentId, ratingId) values (14, '2022-05-06 19:14:31', 'Explorer Sport Trac', 14, 14, 14);
insert into Notifications (id, createdAt, type, followId, commentId, ratingId) values (15, '2022-06-25 09:44:58', 'Countach', 15, 15, 15);
insert into Notifications (id, createdAt, type, followId, commentId, ratingId) values (16, '2022-04-06 20:05:52', 'Tracker', 16, 16, 16);
insert into Notifications (id, createdAt, type, followId, commentId, ratingId) values (17, '2022-05-09 21:29:01', 'Skylark', null, null, null);
insert into Notifications (id, createdAt, type, followId, commentId, ratingId) values (18, '2022-08-01 01:11:43', 'Lancer', 18, 18, 18);
insert into Notifications (id, createdAt, type, followId, commentId, ratingId) values (19, '2022-10-24 20:50:23', 'Cooper', 19, 19, 19);
insert into Notifications (id, createdAt, type, followId, commentId, ratingId) values (20, '2022-03-31 23:58:34', '911', 20, 20, 20);
insert into Notifications (id, createdAt, type, followId, commentId, ratingId) values (21, '2022-10-05 22:03:57', 'CR-V', 21, 21, 21);
insert into Notifications (id, createdAt, type, followId, commentId, ratingId) values (22, '2021-11-05 22:10:05', '1500', 22, 22, 22);
insert into Notifications (id, createdAt, type, followId, commentId, ratingId) values (23, '2022-01-17 01:28:42', 'Rondo', null, null, null);
insert into Notifications (id, createdAt, type, followId, commentId, ratingId) values (24, '2021-11-10 05:10:52', 'Swift', 24, 24, 24);
insert into Notifications (id, createdAt, type, followId, commentId, ratingId) values (25, '2022-10-02 09:26:00', 'Edge', 25, 25, 25);
insert into Notifications (id, createdAt, type, followId, commentId, ratingId) values (26, '2022-08-20 06:51:34', 'MKX', 26, 26, 26);
insert into Notifications (id, createdAt, type, followId, commentId, ratingId) values (27, '2022-10-30 05:07:11', 'Z4 M Roadster', 27, 27, 27);
insert into Notifications (id, createdAt, type, followId, commentId, ratingId) values (28, '2022-01-31 02:00:47', 'Suburban 1500', null, null, null);
insert into Notifications (id, createdAt, type, followId, commentId, ratingId) values (29, '2022-08-26 08:33:13', 'F150', null, null, null);
insert into Notifications (id, createdAt, type, followId, commentId, ratingId) values (30, '2022-06-24 23:21:03', 'Yukon', null, null, null);
insert into Notifications (id, createdAt, type, followId, commentId, ratingId) values (31, '2022-10-07 06:29:00', 'Express 3500', 31, 31, 31);
insert into Notifications (id, createdAt, type, followId, commentId, ratingId) values (32, '2022-05-04 08:08:17', 'SL-Class', null, null, null);
insert into Notifications (id, createdAt, type, followId, commentId, ratingId) values (33, '2022-09-24 00:01:30', 'Protege', null, null, null);
insert into Notifications (id, createdAt, type, followId, commentId, ratingId) values (34, '2022-05-27 17:31:11', 'C30', null, null, null);
insert into Notifications (id, createdAt, type, followId, commentId, ratingId) values (35, '2022-05-10 22:51:44', 'Dakota Club', null, null, null);
insert into Notifications (id, createdAt, type, followId, commentId, ratingId) values (36, '2022-01-20 06:50:58', 'M6', 36, 36, 36);
insert into Notifications (id, createdAt, type, followId, commentId, ratingId) values (37, '2022-07-25 20:51:03', 'Explorer', 37, 37, 37);
insert into Notifications (id, createdAt, type, followId, commentId, ratingId) values (38, '2022-05-23 15:16:35', 'F-Series', null, null, null);
insert into Notifications (id, createdAt, type, followId, commentId, ratingId) values (39, '2022-06-18 01:44:50', 'Cougar', 39, 39, 39);
insert into Notifications (id, createdAt, type, followId, commentId, ratingId) values (40, '2022-01-26 13:37:10', 'CR-V', 40, 40, 40);
insert into Notifications (id, createdAt, type, followId, commentId, ratingId) values (41, '2022-05-20 04:26:57', 'Silhouette', null, null, null);
insert into Notifications (id, createdAt, type, followId, commentId, ratingId) values (42, '2021-12-16 11:43:40', 'QX56', null, null, null);
insert into Notifications (id, createdAt, type, followId, commentId, ratingId) values (43, '2022-05-31 03:32:47', 'X3', null, null, null);
insert into Notifications (id, createdAt, type, followId, commentId, ratingId) values (44, '2022-01-12 03:47:24', 'Quest', null, null, null);
insert into Notifications (id, createdAt, type, followId, commentId, ratingId) values (45, '2022-05-05 14:25:03', 'Cabriolet', 45, 45, 45);
insert into Notifications (id, createdAt, type, followId, commentId, ratingId) values (46, '2022-04-30 10:15:37', 'Parisienne', 46, 46, 46);
insert into Notifications (id, createdAt, type, followId, commentId, ratingId) values (47, '2022-09-27 12:54:26', 'Mulsanne', null, null, null);
insert into Notifications (id, createdAt, type, followId, commentId, ratingId) values (48, '2022-02-14 09:43:08', 'Brooklands', null, null, null);
insert into Notifications (id, createdAt, type, followId, commentId, ratingId) values (49, '2022-03-27 10:31:59', 'Quest', 49, 49, 49);
insert into Notifications (id, createdAt, type, followId, commentId, ratingId) values (50, '2022-05-12 07:47:09', 'Breeze', null, null, null);
insert into Notifications (id, createdAt, type, followId, commentId, ratingId) values (51, '2022-02-24 05:41:09', 'DTS', 51, 51, 51);
insert into Notifications (id, createdAt, type, followId, commentId, ratingId) values (52, '2022-03-14 06:42:01', 'Mark LT', 52, 52, 52);
insert into Notifications (id, createdAt, type, followId, commentId, ratingId) values (53, '2022-01-13 05:05:46', 'Murano', 53, 53, 53);
insert into Notifications (id, createdAt, type, followId, commentId, ratingId) values (54, '2021-12-31 14:51:19', 'MX-5', 54, 54, 54);
insert into Notifications (id, createdAt, type, followId, commentId, ratingId) values (55, '2022-04-20 23:36:58', 'X5', 55, 55, 55);
insert into Notifications (id, createdAt, type, followId, commentId, ratingId) values (56, '2022-09-09 21:06:37', 'Tacoma Xtra', 56, 56, 56);
insert into Notifications (id, createdAt, type, followId, commentId, ratingId) values (57, '2021-12-24 18:56:00', 'Bonneville', 57, 57, 57);
insert into Notifications (id, createdAt, type, followId, commentId, ratingId) values (58, '2022-09-02 21:05:29', 'Neon', 58, 58, 58);
insert into Notifications (id, createdAt, type, followId, commentId, ratingId) values (59, '2022-04-23 23:25:06', 'Challenger', 59, 59, 59);
insert into Notifications (id, createdAt, type, followId, commentId, ratingId) values (60, '2021-12-20 01:20:11', 'M6', 60, 60, 60);
insert into Notifications (id, createdAt, type, followId, commentId, ratingId) values (61, '2022-08-23 00:20:47', 'Altima', 61, 61, 61);
insert into Notifications (id, createdAt, type, followId, commentId, ratingId) values (62, '2022-07-21 08:29:57', 'Vandura 3500', 62, 62, 62);
insert into Notifications (id, createdAt, type, followId, commentId, ratingId) values (63, '2022-04-24 21:19:58', 'Gallardo', 63, 63, 63);
insert into Notifications (id, createdAt, type, followId, commentId, ratingId) values (64, '2021-11-30 19:23:20', 'Space', null, null, null);
insert into Notifications (id, createdAt, type, followId, commentId, ratingId) values (65, '2021-12-21 18:23:49', 'Tacoma Xtra', null, null, null);
insert into Notifications (id, createdAt, type, followId, commentId, ratingId) values (66, '2021-11-15 03:13:12', '200SX', 66, 66, 66);
insert into Notifications (id, createdAt, type, followId, commentId, ratingId) values (67, '2022-05-16 17:31:49', 'QX56', null, null, null);
insert into Notifications (id, createdAt, type, followId, commentId, ratingId) values (68, '2022-06-19 01:18:45', 'FCX Clarity', 68, 68, 68);
insert into Notifications (id, createdAt, type, followId, commentId, ratingId) values (69, '2022-09-26 10:32:01', 'Eldorado', null, null, null);
insert into Notifications (id, createdAt, type, followId, commentId, ratingId) values (70, '2022-04-14 09:06:55', 'A6', null, null, null);
insert into Notifications (id, createdAt, type, followId, commentId, ratingId) values (71, '2022-02-22 22:31:10', 'Ramcharger', null, null, null);
insert into Notifications (id, createdAt, type, followId, commentId, ratingId) values (72, '2022-01-25 12:37:39', 'Protege5', null, null, null);
insert into Notifications (id, createdAt, type, followId, commentId, ratingId) values (73, '2022-03-26 18:37:48', 'Premier', 73, 73, 73);
insert into Notifications (id, createdAt, type, followId, commentId, ratingId) values (74, '2021-12-18 15:50:12', 'Suburban 2500', null, null, null);
insert into Notifications (id, createdAt, type, followId, commentId, ratingId) values (75, '2022-01-25 20:18:10', '3 Series', 75, 75, 75);
insert into Notifications (id, createdAt, type, followId, commentId, ratingId) values (76, '2022-03-22 13:15:30', 'C-Class', 76, 76, 76);
insert into Notifications (id, createdAt, type, followId, commentId, ratingId) values (77, '2022-03-19 03:02:32', 'B-Series', null, null, null);
insert into Notifications (id, createdAt, type, followId, commentId, ratingId) values (78, '2022-07-23 18:24:58', 'RX', 78, 78, 78);
insert into Notifications (id, createdAt, type, followId, commentId, ratingId) values (79, '2022-04-15 02:46:53', 'Murcilago', 79, 79, 79);
insert into Notifications (id, createdAt, type, followId, commentId, ratingId) values (80, '2021-12-01 14:25:35', 'Thunderbird', 80, 80, 80);
insert into Notifications (id, createdAt, type, followId, commentId, ratingId) values (81, '2022-10-14 11:36:25', 'Rogue', 81, 81, 81);
insert into Notifications (id, createdAt, type, followId, commentId, ratingId) values (82, '2022-03-13 19:56:10', 'Challenger', null, null, null);
insert into Notifications (id, createdAt, type, followId, commentId, ratingId) values (83, '2021-12-09 01:38:18', 'H1', 83, 83, 83);
insert into Notifications (id, createdAt, type, followId, commentId, ratingId) values (84, '2022-05-13 21:17:40', 'BRZ', null, null, null);
insert into Notifications (id, createdAt, type, followId, commentId, ratingId) values (85, '2022-10-24 14:48:58', 'Jetta III', 85, 85, 85);
insert into Notifications (id, createdAt, type, followId, commentId, ratingId) values (86, '2021-11-27 06:12:42', 'IS-F', 86, 86, 86);
insert into Notifications (id, createdAt, type, followId, commentId, ratingId) values (87, '2021-11-12 19:11:01', 'Sonoma Club Coupe', 87, 87, 87);
insert into Notifications (id, createdAt, type, followId, commentId, ratingId) values (88, '2022-03-13 21:49:13', 'Escalade', 88, 88, 88);
insert into Notifications (id, createdAt, type, followId, commentId, ratingId) values (89, '2021-11-30 19:34:26', 'Riviera', 89, 89, 89);
insert into Notifications (id, createdAt, type, followId, commentId, ratingId) values (90, '2022-04-05 09:36:13', 'Electra', 90, 90, 90);
insert into Notifications (id, createdAt, type, followId, commentId, ratingId) values (91, '2021-12-29 22:38:47', 'Eclipse', 91, 91, 91);
insert into Notifications (id, createdAt, type, followId, commentId, ratingId) values (92, '2022-02-13 15:45:58', 'S5', 92, 92, 92);
insert into Notifications (id, createdAt, type, followId, commentId, ratingId) values (93, '2022-01-16 10:45:54', '911', 93, 93, 93);
insert into Notifications (id, createdAt, type, followId, commentId, ratingId) values (94, '2022-03-28 11:42:57', 'Clubman', 94, 94, 94);
insert into Notifications (id, createdAt, type, followId, commentId, ratingId) values (95, '2022-06-21 04:45:08', 'Breeze', 95, 95, 95);
insert into Notifications (id, createdAt, type, followId, commentId, ratingId) values (96, '2022-03-29 00:35:27', 'GTI', 96, 96, 96);
insert into Notifications (id, createdAt, type, followId, commentId, ratingId) values (97, '2022-05-19 19:51:58', 'ES', 97, 97, 97);
insert into Notifications (id, createdAt, type, followId, commentId, ratingId) values (98, '2022-03-19 19:09:03', 'S-Class', 98, 98, 98);
insert into Notifications (id, createdAt, type, followId, commentId, ratingId) values (99, '2022-09-08 08:30:53', 'Jimmy', null, null, null);
insert into Notifications (id, createdAt, type, followId, commentId, ratingId) values (100, '2021-12-29 16:56:49', 'Sebring', 100, 100, 100);

-- POSTIMAGES --

insert into PostImages (id, path, caption, postId) values (1, 'http://dummyimage.com/238x100.png/cc0000/ffffff', 'pellentesque volutpat dui maecenas tristique est et tempus semper est quam pharetra magna', 1);
insert into PostImages (id, path, caption, postId) values (2, 'http://dummyimage.com/112x100.png/ff4444/ffffff', 'platea dictumst etiam faucibus cursus urna ut tellus nulla ut erat id mauris vulputate elementum nullam', 2);
insert into PostImages (id, path, caption, postId) values (3, 'http://dummyimage.com/183x100.png/5fa2dd/ffffff', 'pellentesque quisque porta volutpat erat quisque erat eros viverra eget congue eget semper rutrum', 3);
insert into PostImages (id, path, caption, postId) values (4, 'http://dummyimage.com/157x100.png/5fa2dd/ffffff', 'elementum nullam varius nulla facilisi cras non velit nec nisi vulputate nonummy maecenas tincidunt lacus at', 4);
insert into PostImages (id, path, caption, postId) values (5, 'http://dummyimage.com/162x100.png/ff4444/ffffff', 'elit proin interdum mauris non ligula pellentesque ultrices phasellus id sapien in sapien iaculis congue vivamus metus arcu', 5);
insert into PostImages (id, path, caption, postId) values (6, 'http://dummyimage.com/100x100.png/cc0000/ffffff', 'luctus et ultrices posuere cubilia curae duis faucibus accumsan odio curabitur convallis duis consequat dui nec nisi volutpat', 6);
insert into PostImages (id, path, caption, postId) values (7, 'http://dummyimage.com/210x100.png/cc0000/ffffff', 'orci pede venenatis non sodales sed tincidunt eu felis fusce posuere', 7);
insert into PostImages (id, path, caption, postId) values (8, 'http://dummyimage.com/250x100.png/cc0000/ffffff', 'amet consectetuer adipiscing elit proin interdum mauris non ligula pellentesque ultrices phasellus id sapien in sapien', 8);
insert into PostImages (id, path, caption, postId) values (9, 'http://dummyimage.com/101x100.png/5fa2dd/ffffff', 'blandit ultrices enim lorem ipsum dolor sit amet consectetuer adipiscing', 9);
insert into PostImages (id, path, caption, postId) values (10, 'http://dummyimage.com/111x100.png/ff4444/ffffff', 'eleifend luctus ultricies eu nibh quisque id justo sit amet sapien dignissim', 10);
insert into PostImages (id, path, caption, postId) values (11, 'http://dummyimage.com/155x100.png/dddddd/000000', 'ut at dolor quis odio consequat varius integer ac leo', 11);
insert into PostImages (id, path, caption, postId) values (12, 'http://dummyimage.com/169x100.png/5fa2dd/ffffff', 'rutrum neque aenean auctor gravida sem praesent id massa id nisl venenatis lacinia', 12);
insert into PostImages (id, path, caption, postId) values (13, 'http://dummyimage.com/140x100.png/dddddd/000000', 'diam vitae quam suspendisse potenti nullam porttitor lacus at turpis donec', 13);
insert into PostImages (id, path, caption, postId) values (14, 'http://dummyimage.com/124x100.png/dddddd/000000', 'sed vestibulum sit amet cursus id turpis integer aliquet massa id lobortis', 14);
insert into PostImages (id, path, caption, postId) values (15, 'http://dummyimage.com/214x100.png/cc0000/ffffff', 'mauris lacinia sapien quis libero nullam sit amet turpis elementum', 15);
insert into PostImages (id, path, caption, postId) values (16, 'http://dummyimage.com/198x100.png/5fa2dd/ffffff', 'nunc rhoncus dui vel sem sed sagittis nam congue risus', 16);
insert into PostImages (id, path, caption, postId) values (17, 'http://dummyimage.com/184x100.png/ff4444/ffffff', 'vestibulum quam sapien varius ut blandit non interdum in ante vestibulum ante ipsum', 17);
insert into PostImages (id, path, caption, postId) values (18, 'http://dummyimage.com/223x100.png/cc0000/ffffff', 'suscipit ligula in lacus curabitur at ipsum ac tellus semper interdum', 18);
insert into PostImages (id, path, caption, postId) values (19, 'http://dummyimage.com/233x100.png/dddddd/000000', 'magna vestibulum aliquet ultrices erat tortor sollicitudin mi sit amet lobortis sapien sapien', 19);
insert into PostImages (id, path, caption, postId) values (20, 'http://dummyimage.com/159x100.png/dddddd/000000', 'mauris laoreet ut rhoncus aliquet pulvinar sed nisl nunc rhoncus dui vel sem sed', 20);
insert into PostImages (id, path, caption, postId) values (21, 'http://dummyimage.com/143x100.png/cc0000/ffffff', 'donec pharetra magna vestibulum aliquet ultrices erat tortor sollicitudin mi sit amet lobortis sapien sapien', 21);
insert into PostImages (id, path, caption, postId) values (22, 'http://dummyimage.com/189x100.png/5fa2dd/ffffff', 'massa volutpat convallis morbi odio odio elementum eu interdum eu tincidunt in leo maecenas pulvinar lobortis', 22);
insert into PostImages (id, path, caption, postId) values (23, 'http://dummyimage.com/125x100.png/dddddd/000000', 'curae duis faucibus accumsan odio curabitur convallis duis consequat dui nec nisi volutpat eleifend donec ut', 23);
insert into PostImages (id, path, caption, postId) values (24, 'http://dummyimage.com/244x100.png/dddddd/000000', 'risus auctor sed tristique in tempus sit amet sem fusce consequat nulla nisl nunc', 24);
insert into PostImages (id, path, caption, postId) values (25, 'http://dummyimage.com/218x100.png/cc0000/ffffff', 'ante ipsum primis in faucibus orci luctus et ultrices posuere cubilia curae nulla dapibus dolor', 25);
insert into PostImages (id, path, caption, postId) values (26, 'http://dummyimage.com/146x100.png/cc0000/ffffff', 'ante ipsum primis in faucibus orci luctus et ultrices posuere cubilia curae mauris', 26);
insert into PostImages (id, path, caption, postId) values (27, 'http://dummyimage.com/177x100.png/ff4444/ffffff', 'montes nascetur ridiculus mus etiam vel augue vestibulum rutrum rutrum neque aenean auctor gravida sem praesent id massa id nisl', 27);
insert into PostImages (id, path, caption, postId) values (28, 'http://dummyimage.com/108x100.png/dddddd/000000', 'faucibus orci luctus et ultrices posuere cubilia curae nulla dapibus dolor vel est donec odio justo', 28);
insert into PostImages (id, path, caption, postId) values (29, 'http://dummyimage.com/107x100.png/dddddd/000000', 'ligula pellentesque ultrices phasellus id sapien in sapien iaculis congue vivamus metus arcu', 29);
insert into PostImages (id, path, caption, postId) values (30, 'http://dummyimage.com/203x100.png/ff4444/ffffff', 'turpis integer aliquet massa id lobortis convallis tortor risus dapibus augue vel accumsan tellus nisi', 30);
insert into PostImages (id, path, caption, postId) values (31, 'http://dummyimage.com/183x100.png/ff4444/ffffff', 'vestibulum eget vulputate ut ultrices vel augue vestibulum ante ipsum primis in faucibus orci luctus', 31);
insert into PostImages (id, path, caption, postId) values (32, 'http://dummyimage.com/239x100.png/cc0000/ffffff', 'vel nulla eget eros elementum pellentesque quisque porta volutpat erat quisque erat', 32);
insert into PostImages (id, path, caption, postId) values (33, 'http://dummyimage.com/200x100.png/cc0000/ffffff', 'faucibus orci luctus et ultrices posuere cubilia curae duis faucibus accumsan odio curabitur convallis duis consequat', 33);
insert into PostImages (id, path, caption, postId) values (34, 'http://dummyimage.com/227x100.png/dddddd/000000', 'orci eget orci vehicula condimentum curabitur in libero ut massa volutpat convallis morbi odio odio elementum eu interdum eu tincidunt', 34);
insert into PostImages (id, path, caption, postId) values (35, 'http://dummyimage.com/164x100.png/dddddd/000000', 'orci vehicula condimentum curabitur in libero ut massa volutpat convallis morbi odio odio elementum', 35);
insert into PostImages (id, path, caption, postId) values (36, 'http://dummyimage.com/145x100.png/cc0000/ffffff', 'penatibus et magnis dis parturient montes nascetur ridiculus mus etiam vel augue vestibulum rutrum rutrum neque aenean auctor gravida', 36);
insert into PostImages (id, path, caption, postId) values (37, 'http://dummyimage.com/129x100.png/cc0000/ffffff', 'mi in porttitor pede justo eu massa donec dapibus duis at', 37);
insert into PostImages (id, path, caption, postId) values (38, 'http://dummyimage.com/164x100.png/dddddd/000000', 'lacinia erat vestibulum sed magna at nunc commodo placerat praesent blandit nam', 38);
insert into PostImages (id, path, caption, postId) values (39, 'http://dummyimage.com/160x100.png/ff4444/ffffff', 'lacus purus aliquet at feugiat non pretium quis lectus suspendisse potenti in', 39);
insert into PostImages (id, path, caption, postId) values (40, 'http://dummyimage.com/101x100.png/5fa2dd/ffffff', 'praesent blandit nam nulla integer pede justo lacinia eget tincidunt eget tempus vel', 40);
insert into PostImages (id, path, caption, postId) values (41, 'http://dummyimage.com/173x100.png/ff4444/ffffff', 'montes nascetur ridiculus mus etiam vel augue vestibulum rutrum rutrum neque', 41);
insert into PostImages (id, path, caption, postId) values (42, 'http://dummyimage.com/118x100.png/ff4444/ffffff', 'vestibulum ante ipsum primis in faucibus orci luctus et ultrices', 42);
insert into PostImages (id, path, caption, postId) values (43, 'http://dummyimage.com/192x100.png/ff4444/ffffff', 'tortor sollicitudin mi sit amet lobortis sapien sapien non mi integer ac neque duis', 43);
insert into PostImages (id, path, caption, postId) values (44, 'http://dummyimage.com/165x100.png/ff4444/ffffff', 'odio odio elementum eu interdum eu tincidunt in leo maecenas pulvinar lobortis est phasellus sit', 44);
insert into PostImages (id, path, caption, postId) values (45, 'http://dummyimage.com/236x100.png/cc0000/ffffff', 'aliquet massa id lobortis convallis tortor risus dapibus augue vel', 45);
insert into PostImages (id, path, caption, postId) values (46, 'http://dummyimage.com/160x100.png/cc0000/ffffff', 'est congue elementum in hac habitasse platea dictumst morbi vestibulum velit id pretium iaculis diam erat fermentum', 46);
insert into PostImages (id, path, caption, postId) values (47, 'http://dummyimage.com/217x100.png/ff4444/ffffff', 'adipiscing elit proin risus praesent lectus vestibulum quam sapien varius ut blandit', 47);
insert into PostImages (id, path, caption, postId) values (48, 'http://dummyimage.com/115x100.png/5fa2dd/ffffff', 'et eros vestibulum ac est lacinia nisi venenatis tristique fusce congue diam id ornare imperdiet sapien', 48);
insert into PostImages (id, path, caption, postId) values (49, 'http://dummyimage.com/216x100.png/ff4444/ffffff', 'arcu sed augue aliquam erat volutpat in congue etiam justo etiam pretium iaculis justo', 49);
insert into PostImages (id, path, caption, postId) values (50, 'http://dummyimage.com/200x100.png/ff4444/ffffff', 'nisi at nibh in hac habitasse platea dictumst aliquam augue quam sollicitudin', 50);
insert into PostImages (id, path, caption, postId) values (51, 'http://dummyimage.com/225x100.png/5fa2dd/ffffff', 'tempus vel pede morbi porttitor lorem id ligula suspendisse ornare consequat lectus in est risus', 51);
insert into PostImages (id, path, caption, postId) values (52, 'http://dummyimage.com/138x100.png/dddddd/000000', 'dolor sit amet consectetuer adipiscing elit proin risus praesent lectus vestibulum quam sapien varius ut blandit non interdum in ante', 52);
insert into PostImages (id, path, caption, postId) values (53, 'http://dummyimage.com/194x100.png/5fa2dd/ffffff', 'tempus vivamus in felis eu sapien cursus vestibulum proin eu mi nulla ac enim', 53);
insert into PostImages (id, path, caption, postId) values (54, 'http://dummyimage.com/215x100.png/ff4444/ffffff', 'faucibus cursus urna ut tellus nulla ut erat id mauris vulputate elementum nullam varius nulla facilisi', 54);
insert into PostImages (id, path, caption, postId) values (55, 'http://dummyimage.com/176x100.png/dddddd/000000', 'at lorem integer tincidunt ante vel ipsum praesent blandit lacinia erat vestibulum sed magna at', 55);
insert into PostImages (id, path, caption, postId) values (56, 'http://dummyimage.com/231x100.png/5fa2dd/ffffff', 'sapien non mi integer ac neque duis bibendum morbi non quam nec dui luctus', 56);
insert into PostImages (id, path, caption, postId) values (57, 'http://dummyimage.com/157x100.png/5fa2dd/ffffff', 'congue diam id ornare imperdiet sapien urna pretium nisl ut', 57);
insert into PostImages (id, path, caption, postId) values (58, 'http://dummyimage.com/240x100.png/ff4444/ffffff', 'maecenas tristique est et tempus semper est quam pharetra magna ac consequat metus sapien ut nunc vestibulum ante ipsum', 58);
insert into PostImages (id, path, caption, postId) values (59, 'http://dummyimage.com/124x100.png/cc0000/ffffff', 'semper est quam pharetra magna ac consequat metus sapien ut', 59);
insert into PostImages (id, path, caption, postId) values (60, 'http://dummyimage.com/115x100.png/ff4444/ffffff', 'nullam sit amet turpis elementum ligula vehicula consequat morbi a', 60);
insert into PostImages (id, path, caption, postId) values (61, 'http://dummyimage.com/246x100.png/cc0000/ffffff', 'amet turpis elementum ligula vehicula consequat morbi a ipsum integer a', 61);
insert into PostImages (id, path, caption, postId) values (62, 'http://dummyimage.com/100x100.png/ff4444/ffffff', 'amet nulla quisque arcu libero rutrum ac lobortis vel dapibus at diam nam tristique tortor', 62);
insert into PostImages (id, path, caption, postId) values (63, 'http://dummyimage.com/109x100.png/dddddd/000000', 'nunc rhoncus dui vel sem sed sagittis nam congue risus semper porta volutpat quam pede lobortis ligula', 63);
insert into PostImages (id, path, caption, postId) values (64, 'http://dummyimage.com/145x100.png/ff4444/ffffff', 'odio in hac habitasse platea dictumst maecenas ut massa quis augue luctus tincidunt nulla', 64);
insert into PostImages (id, path, caption, postId) values (65, 'http://dummyimage.com/227x100.png/cc0000/ffffff', 'luctus et ultrices posuere cubilia curae mauris viverra diam vitae quam suspendisse potenti nullam porttitor lacus at turpis donec posuere', 65);
insert into PostImages (id, path, caption, postId) values (66, 'http://dummyimage.com/247x100.png/dddddd/000000', 'sociis natoque penatibus et magnis dis parturient montes nascetur ridiculus mus etiam vel augue vestibulum rutrum', 66);
insert into PostImages (id, path, caption, postId) values (67, 'http://dummyimage.com/192x100.png/dddddd/000000', 'libero nam dui proin leo odio porttitor id consequat in consequat ut nulla sed accumsan felis ut at dolor', 67);
insert into PostImages (id, path, caption, postId) values (68, 'http://dummyimage.com/180x100.png/ff4444/ffffff', 'eget semper rutrum nulla nunc purus phasellus in felis donec semper sapien a', 68);
insert into PostImages (id, path, caption, postId) values (69, 'http://dummyimage.com/195x100.png/ff4444/ffffff', 'purus phasellus in felis donec semper sapien a libero nam dui proin leo odio', 69);
insert into PostImages (id, path, caption, postId) values (70, 'http://dummyimage.com/166x100.png/ff4444/ffffff', 'aliquet massa id lobortis convallis tortor risus dapibus augue vel accumsan tellus nisi eu orci mauris', 70);
insert into PostImages (id, path, caption, postId) values (71, 'http://dummyimage.com/238x100.png/ff4444/ffffff', 'viverra pede ac diam cras pellentesque volutpat dui maecenas tristique est et tempus semper est quam pharetra magna ac', 71);
insert into PostImages (id, path, caption, postId) values (72, 'http://dummyimage.com/114x100.png/ff4444/ffffff', 'libero ut massa volutpat convallis morbi odio odio elementum eu interdum eu tincidunt', 72);
insert into PostImages (id, path, caption, postId) values (73, 'http://dummyimage.com/230x100.png/cc0000/ffffff', 'pharetra magna vestibulum aliquet ultrices erat tortor sollicitudin mi sit amet lobortis sapien sapien non mi integer ac neque duis', 73);
insert into PostImages (id, path, caption, postId) values (74, 'http://dummyimage.com/184x100.png/dddddd/000000', 'ligula in lacus curabitur at ipsum ac tellus semper interdum', 74);
insert into PostImages (id, path, caption, postId) values (75, 'http://dummyimage.com/153x100.png/ff4444/ffffff', 'eget eros elementum pellentesque quisque porta volutpat erat quisque erat eros', 75);
insert into PostImages (id, path, caption, postId) values (76, 'http://dummyimage.com/110x100.png/5fa2dd/ffffff', 'non velit nec nisi vulputate nonummy maecenas tincidunt lacus at velit vivamus vel nulla eget eros elementum', 76);
insert into PostImages (id, path, caption, postId) values (77, 'http://dummyimage.com/218x100.png/ff4444/ffffff', 'id lobortis convallis tortor risus dapibus augue vel accumsan tellus nisi eu', 77);
insert into PostImages (id, path, caption, postId) values (78, 'http://dummyimage.com/234x100.png/5fa2dd/ffffff', 'nec condimentum neque sapien placerat ante nulla justo aliquam quis turpis eget elit sodales scelerisque mauris sit', 78);
insert into PostImages (id, path, caption, postId) values (79, 'http://dummyimage.com/117x100.png/5fa2dd/ffffff', 'lectus pellentesque eget nunc donec quis orci eget orci vehicula condimentum', 79);
insert into PostImages (id, path, caption, postId) values (80, 'http://dummyimage.com/107x100.png/ff4444/ffffff', 'vestibulum sagittis sapien cum sociis natoque penatibus et magnis dis parturient montes nascetur ridiculus mus etiam vel augue vestibulum', 80);
insert into PostImages (id, path, caption, postId) values (81, 'http://dummyimage.com/248x100.png/cc0000/ffffff', 'tempus sit amet sem fusce consequat nulla nisl nunc nisl duis bibendum felis sed interdum venenatis turpis', 81);
insert into PostImages (id, path, caption, postId) values (82, 'http://dummyimage.com/191x100.png/cc0000/ffffff', 'aliquam lacus morbi quis tortor id nulla ultrices aliquet maecenas leo odio condimentum id luctus nec molestie sed justo pellentesque', 82);
insert into PostImages (id, path, caption, postId) values (83, 'http://dummyimage.com/123x100.png/dddddd/000000', 'tristique in tempus sit amet sem fusce consequat nulla nisl nunc nisl duis bibendum felis sed interdum venenatis turpis', 83);
insert into PostImages (id, path, caption, postId) values (84, 'http://dummyimage.com/194x100.png/5fa2dd/ffffff', 'bibendum felis sed interdum venenatis turpis enim blandit mi in porttitor pede justo eu massa donec dapibus duis at velit', 84);
insert into PostImages (id, path, caption, postId) values (85, 'http://dummyimage.com/208x100.png/5fa2dd/ffffff', 'nam congue risus semper porta volutpat quam pede lobortis ligula sit amet eleifend pede libero quis orci nullam molestie nibh', 85);
insert into PostImages (id, path, caption, postId) values (86, 'http://dummyimage.com/108x100.png/dddddd/000000', 'at turpis a pede posuere nonummy integer non velit donec diam neque', 86);
insert into PostImages (id, path, caption, postId) values (87, 'http://dummyimage.com/165x100.png/cc0000/ffffff', 'parturient montes nascetur ridiculus mus vivamus vestibulum sagittis sapien cum sociis natoque', 87);
insert into PostImages (id, path, caption, postId) values (88, 'http://dummyimage.com/194x100.png/5fa2dd/ffffff', 'nulla ac enim in tempor turpis nec euismod scelerisque quam turpis adipiscing lorem vitae mattis nibh ligula nec sem duis', 88);
insert into PostImages (id, path, caption, postId) values (89, 'http://dummyimage.com/194x100.png/ff4444/ffffff', 'quisque ut erat curabitur gravida nisi at nibh in hac habitasse platea dictumst aliquam augue quam sollicitudin', 89);
insert into PostImages (id, path, caption, postId) values (90, 'http://dummyimage.com/237x100.png/dddddd/000000', 'montes nascetur ridiculus mus etiam vel augue vestibulum rutrum rutrum neque aenean auctor gravida', 90);
insert into PostImages (id, path, caption, postId) values (91, 'http://dummyimage.com/193x100.png/ff4444/ffffff', 'etiam pretium iaculis justo in hac habitasse platea dictumst etiam faucibus cursus', 91);
insert into PostImages (id, path, caption, postId) values (92, 'http://dummyimage.com/232x100.png/ff4444/ffffff', 'at nunc commodo placerat praesent blandit nam nulla integer pede justo lacinia eget tincidunt eget tempus vel pede morbi', 92);
insert into PostImages (id, path, caption, postId) values (93, 'http://dummyimage.com/185x100.png/5fa2dd/ffffff', 'auctor sed tristique in tempus sit amet sem fusce consequat nulla nisl nunc nisl duis bibendum felis sed', 93);
insert into PostImages (id, path, caption, postId) values (94, 'http://dummyimage.com/233x100.png/5fa2dd/ffffff', 'cursus id turpis integer aliquet massa id lobortis convallis tortor risus dapibus augue vel accumsan tellus', 94);
insert into PostImages (id, path, caption, postId) values (95, 'http://dummyimage.com/128x100.png/ff4444/ffffff', 'consequat lectus in est risus auctor sed tristique in tempus sit amet sem', 95);
insert into PostImages (id, path, caption, postId) values (96, 'http://dummyimage.com/205x100.png/cc0000/ffffff', 'fermentum justo nec condimentum neque sapien placerat ante nulla justo aliquam quis turpis eget', 96);
insert into PostImages (id, path, caption, postId) values (97, 'http://dummyimage.com/223x100.png/cc0000/ffffff', 'ut rhoncus aliquet pulvinar sed nisl nunc rhoncus dui vel sem sed sagittis nam congue', 97);
insert into PostImages (id, path, caption, postId) values (98, 'http://dummyimage.com/241x100.png/5fa2dd/ffffff', 'dictumst aliquam augue quam sollicitudin vitae consectetuer eget rutrum at lorem integer tincidunt ante vel ipsum praesent blandit lacinia erat', 98);
insert into PostImages (id, path, caption, postId) values (99, 'http://dummyimage.com/163x100.png/ff4444/ffffff', 'scelerisque quam turpis adipiscing lorem vitae mattis nibh ligula nec sem duis aliquam convallis nunc proin at turpis a', 99);
insert into PostImages (id, path, caption, postId) values (100, 'http://dummyimage.com/121x100.png/ff4444/ffffff', 'luctus ultricies eu nibh quisque id justo sit amet sapien dignissim vestibulum vestibulum ante', 100);